S,B,layer_index,layer,time_s
64,95,0,conv1,0.00176815999
64,95,1,relu1,0.000101984002
64,95,2,pool,0.000100351997
64,95,3,conv2,0.000462848008
64,95,4,relu2,5.52960001e-05
64,95,5,conv3,0.000200703993
64,95,6,relu3,1.22880004e-05
64,95,7,conv4,8.95679966e-05
64,95,8,relu4,4.90240008e-05
64,95,9,conv5,0.000515007973
64,95,10,relu5,9.53599997e-06
64,95,11,conv6,0.000118592001
64,95,12,relu6,1.02399997e-05
64,95,13,gap,3.51999998e-05
64,95,14,fc1,2.25280002e-05
64,95,15,relu7,4.5119999e-06
64,95,16,fc2,1.43360002e-05
32,167,0,conv1,0.00129638398
32,167,1,relu1,4.0736001e-05
32,167,2,pool,5.1008001e-05
32,167,3,conv2,0.000263936013
32,167,4,relu2,8.44800007e-06
32,167,5,conv3,0.000135168001
32,167,6,relu3,6.94399979e-06
32,167,7,conv4,5.67039996e-05
32,167,8,relu4,8.25599954e-06
32,167,9,conv5,0.000337343991
32,167,10,relu5,5.69600007e-06
32,167,11,conv6,0.000486687988
32,167,12,relu6,7.64800003e-06
32,167,13,gap,1.8592e-05
32,167,14,fc1,2.90559996e-05
32,167,15,relu7,4.31999983e-06
32,167,16,fc2,1.60000008e-05
128,1,0,conv1,8.00959989e-05
128,1,1,relu1,3.66719998e-05
128,1,2,pool,4.09279987e-05
128,1,3,conv2,0.000286143988
128,1,4,relu2,4.80000023e-06
128,1,5,conv3,3.79519984e-05
128,1,6,relu3,3.87199991e-06
128,1,7,conv4,1.22880004e-05
128,1,8,relu4,2.45760009e-05
128,1,9,conv5,0.000165792003
128,1,10,relu5,3.93600017e-06
128,1,11,conv6,1.29920002e-05
128,1,12,relu6,6.14400022e-06
128,1,13,gap,4.65920009e-05
128,1,14,fc1,7.2991997e-05
128,1,15,relu7,3.10399998e-05
128,1,16,fc2,4.91839983e-05
352,128,0,conv1,0.056982975
352,128,1,relu1,0.00425222397
352,128,2,pool,0.00386870408
352,128,3,conv2,0.0145392637
352,128,4,relu2,0.00213401604
352,128,5,conv3,0.00733459187
352,128,6,relu3,0.00106928003
352,128,7,conv4,0.00371097589
352,128,8,relu4,0.00213606405
352,128,9,conv5,0.015101984
352,128,10,relu5,0.000530399978
352,128,11,conv6,0.00343449593
352,128,12,relu6,0.00106681597
352,128,13,gap,0.000518176019
352,128,14,fc1,2.86720004e-05
352,128,15,relu7,5.43999998e-06
352,128,16,fc2,1.83680002e-05
400,8,0,conv1,0.000995328009
400,8,1,relu1,0.000348416001
400,8,2,pool,0.000315423995
400,8,3,conv2,0.00159129596
400,8,4,relu2,0.000174303994
400,8,5,conv3,0.000587872028
400,8,6,relu3,8.93440023e-05
400,8,7,conv4,0.000287488014
400,8,8,relu4,0.000175999999
400,8,9,conv5,0.00122915196
400,8,10,relu5,3.68640013e-05
400,8,11,conv6,0.000301088005
400,8,12,relu6,8.59839991e-05
400,8,13,gap,6.36160001e-05
400,8,14,fc1,1.43360002e-05
400,8,15,relu7,4.54400014e-06
400,8,16,fc2,9.31200013e-06
224,256,0,conv1,0.0477429771
224,256,1,relu1,0.00344063997
224,256,2,pool,0.0032350719
224,256,3,conv2,0.0140517445
224,256,4,relu2,0.00172323203
224,256,5,conv3,0.00625907183
224,256,6,relu3,0.000863520026
224,256,7,conv4,0.00304207993
224,256,8,relu4,0.00172441602
224,256,9,conv5,0.0133176003
224,256,10,relu5,0.000427616
224,256,11,conv6,0.00303027201
224,256,12,relu6,0.000860927999
224,256,13,gap,0.000411648005
224,256,14,fc1,4.0959999e-05
224,256,15,relu7,5.98399993e-06
224,256,16,fc2,2.11520009e-05
48,95,0,conv1,0.000831615984
48,95,1,relu1,5.73440008e-05
48,95,2,pool,6.4576e-05
48,95,3,conv2,0.000288448006
48,95,4,relu2,1.58719998e-05
48,95,5,conv3,0.000141120002
48,95,6,relu3,8.09600018e-06
48,95,7,conv4,6.34879991e-05
48,95,8,relu4,1.47519996e-05
48,95,9,conv5,0.000315072
48,95,10,relu5,5.85599989e-06
48,95,11,conv6,0.000301216006
48,95,12,relu6,8.76799971e-06
48,95,13,gap,2.40320005e-05
48,95,14,fc1,2.38400009e-05
48,95,15,relu7,4.31999983e-06
48,95,16,fc2,1.43360002e-05
48,64,0,conv1,0.000170368001
48,64,1,relu1,4.15679999e-05
48,64,2,pool,4.70720008e-05
48,64,3,conv2,0.000199839994
48,64,4,relu2,8.19199998e-06
48,64,5,conv3,9.61600021e-05
48,64,6,relu3,6.14400022e-06
48,64,7,conv4,4.83199991e-05
48,64,8,relu4,8.19199998e-06
48,64,9,conv5,0.000298624009
48,64,10,relu5,5.504e-06
48,64,11,conv6,0.000214688003
48,64,12,relu6,6.4960001e-06
48,64,13,gap,1.84320007e-05
48,64,14,fc1,1.85599998e-05
48,64,15,relu7,4.4160001e-06
48,64,16,fc2,1.52000003e-05
224,98,0,conv1,0.0182871361
224,98,1,relu1,0.00132067204
224,98,2,pool,0.00122495997
224,98,3,conv2,0.0061935358
224,98,4,relu2,0.000658847988
224,98,5,conv3,0.00244531202
224,98,6,relu3,0.00033238399
224,98,7,conv4,0.00119398403
224,98,8,relu4,0.000663424015
224,98,9,conv5,0.00483712006
224,98,10,relu5,0.000165887997
224,98,11,conv6,0.00116803205
224,98,12,relu6,0.000332576007
224,98,13,gap,0.000171775997
224,98,14,fc1,2.85439994e-05
224,98,15,relu7,5.69600007e-06
224,98,16,fc2,1.73439998e-05
48,32,0,conv1,0.000117023997
48,32,1,relu1,1.84320007e-05
48,32,2,pool,4.82559986e-05
48,32,3,conv2,0.000148095995
48,32,4,relu2,6.14400022e-06
48,32,5,conv3,7.98719972e-05
48,32,6,relu3,6.04799995e-06
48,32,7,conv4,4.70400006e-05
48,32,8,relu4,3.50719988e-05
48,32,9,conv5,0.000245856002
48,32,10,relu5,4.12799977e-06
48,32,11,conv6,0.000115840003
48,32,12,relu6,4.99199983e-06
48,32,13,gap,1.296e-05
48,32,14,fc1,1.70559995e-05
48,32,15,relu7,4.31999983e-06
48,32,16,fc2,5.11999987e-05
224,167,0,conv1,0.0331031036
224,167,1,relu1,0.00224076796
224,167,2,pool,0.00215708804
224,167,3,conv2,0.010082304
224,167,4,relu2,0.00112025595
224,167,5,conv3,0.00439481592
224,167,6,relu3,0.000562175989
224,167,7,conv4,0.00211814404
224,167,8,relu4,0.00112361598
224,167,9,conv5,0.00868569565
224,167,10,relu5,0.00027718401
224,167,11,conv6,0.00198591995
224,167,12,relu6,0.000567071974
224,167,13,gap,0.000281215996
224,167,14,fc1,4.23040017e-05
224,167,15,relu7,6.14400022e-06
224,167,16,fc2,2.11839993e-05
352,167,0,conv1,0.0804704285
352,167,1,relu1,0.00554102421
352,167,2,pool,0.00518969584
352,167,3,conv2,0.0197313271
352,167,4,relu2,0.00277503991
352,167,5,conv3,0.0108694715
352,167,6,relu3,0.001381024
352,167,7,conv4,0.00540979195
352,167,8,relu4,0.00275676799
352,167,9,conv5,0.0226906872
352,167,10,relu5,0.000686079979
352,167,11,conv6,0.00562524796
352,167,12,relu6,0.00138057601
352,167,13,gap,0.000671711981
352,167,14,fc1,4.51840013e-05
352,167,15,relu7,6.4960001e-06
352,167,16,fc2,2.40640007e-05
400,4,0,conv1,0.000538623989
400,4,1,relu1,0.000174079999
400,4,2,pool,0.000168191999
400,4,3,conv2,0.00087993598
400,4,4,relu2,8.84480029e-05
400,4,5,conv3,0.000322272003
400,4,6,relu3,4.50880006e-05
400,4,7,conv4,0.000159968004
400,4,8,relu4,8.98559988e-05
400,4,9,conv5,0.000672320008
400,4,10,relu5,1.22560002e-05
400,4,11,conv6,0.000167935997
400,4,12,relu6,3.85919996e-05
400,4,13,gap,2.57280003e-05
400,4,14,fc1,1.09120002e-05
400,4,15,relu7,5.31199994e-06
400,4,16,fc2,6.97600003e-06
112,98,0,conv1,0.00527155209
112,98,1,relu1,0.000328063995
112,98,2,pool,0.000311295986
112,98,3,conv2,0.00196790397
112,98,4,relu2,0.000163328007
112,98,5,conv3,0.000600672007
112,98,6,relu3,8.53760019e-05
112,98,7,conv4,0.00033423999
112,98,8,relu4,0.000168735996
112,98,9,conv5,0.00127999997
112,98,10,relu5,3.51679996e-05
112,98,11,conv6,0.000301055998
112,98,12,relu6,8.39679986e-05
112,98,13,gap,9.78880003e-05
112,98,14,fc1,2.66239997e-05
112,98,15,relu7,5.91999991e-06
112,98,16,fc2,1.64480004e-05
128,167,0,conv1,0.00940428829
128,167,1,relu1,0.000729983985
128,167,2,pool,0.000712704003
128,167,3,conv2,0.00341811204
128,167,4,relu2,0.00036432001
128,167,5,conv3,0.00145449603
128,167,6,relu3,0.000186655998
128,167,7,conv4,0.000697023988
128,167,8,relu4,0.000368640006
128,167,9,conv5,0.00300236797
128,167,10,relu5,8.8064e-05
128,167,11,conv6,0.000668063998
128,167,12,relu6,0.000187135994
128,167,13,gap,0.000168927997
128,167,14,fc1,3.83360013e-05
128,167,15,relu7,5.95200015e-06
128,167,16,fc2,2.04799995e-05
48,1,0,conv1,6.99520037e-05
48,1,1,relu1,3.46239991e-05
48,1,2,pool,5.73440008e-05
48,1,3,conv2,0.000188896
48,1,4,relu2,4.03199997e-06
48,1,5,conv3,3.66399996e-05
48,1,6,relu3,4.09599999e-06
48,1,7,conv4,5.96799999e-05
48,1,8,relu4,3.07839997e-05
48,1,9,conv5,0.000150079995
48,1,10,relu5,4.09599999e-06
48,1,11,conv6,1.15200002e-05
48,1,12,relu6,4.09599999e-06
48,1,13,gap,5.30240014e-05
48,1,14,fc1,7.73440003e-05
48,1,15,relu7,3.27679999e-05
48,1,16,fc2,4.97919992e-05
512,64,0,conv1,0.0143649597
512,64,1,relu1,0.00447257614
512,64,2,pool,0.00486604786
512,64,3,conv2,0.0168178883
512,64,4,relu2,0.00223519993
512,64,5,conv3,0.00957644844
512,64,6,relu3,0.00112124801
512,64,7,conv4,0.00446256018
512,64,8,relu4,0.00223846412
512,64,9,conv5,0.0190353928
512,64,10,relu5,0.000555999994
512,64,11,conv6,0.00441839981
512,64,12,relu6,0.001120224
512,64,13,gap,0.000524320006
512,64,14,fc1,2.6912e-05
512,64,15,relu7,5.98399993e-06
512,64,16,fc2,2.13120002e-05
384,16,0,conv1,0.00185792005
384,16,1,relu1,0.000632640004
384,16,2,pool,0.000616191983
384,16,3,conv2,0.00228236794
384,16,4,relu2,0.000313535988
384,16,5,conv3,0.00132854402
384,16,6,relu3,0.000160768002
384,16,7,conv4,0.000580511987
384,16,8,relu4,0.000317856014
384,16,9,conv5,0.00280367994
384,16,10,relu5,7.57760033e-05
384,16,11,conv6,0.000609184027
384,16,12,relu6,0.000159935996
384,16,13,gap,9.76319984e-05
384,16,14,fc1,1.84320007e-05
384,16,15,relu7,5.504e-06
384,16,16,fc2,1.02399997e-05
256,16,0,conv1,0.000891327977
256,16,1,relu1,0.000283840001
256,16,2,pool,0.000285535991
256,16,3,conv2,0.00112767994
256,16,4,relu2,0.000137887999
256,16,5,conv3,0.000633503973
256,16,6,relu3,7.18080029e-05
256,16,7,conv4,0.000274432003
256,16,8,relu4,0.000143583998
256,16,9,conv5,0.001423648
256,16,10,relu5,3.0336e-05
256,16,11,conv6,0.000303104013
256,16,12,relu6,6.96320012e-05
256,16,13,gap,5.31519987e-05
256,16,14,fc1,1.84320007e-05
256,16,15,relu7,5.79199987e-06
256,16,16,fc2,1.02399997e-05
48,16,0,conv1,9.05919969e-05
48,16,1,relu1,3.3631999e-05
48,16,2,pool,4.13120016e-05
48,16,3,conv2,0.000139936
48,16,4,relu2,4.76799998e-06
48,16,5,conv3,7.37280026e-05
48,16,6,relu3,4.38399985e-06
48,16,7,conv4,3.48160006e-05
48,16,8,relu4,3.0336e-05
48,16,9,conv5,0.000183392003
48,16,10,relu5,4.28800005e-06
48,16,11,conv6,2.88319997e-05
48,16,12,relu6,4.25599981e-06
48,16,13,gap,1.02399997e-05
48,16,14,fc1,5.76639995e-05
48,16,15,relu7,3.2288e-05
48,16,16,fc2,4.98559996e-05
32,128,0,conv1,0.00100758398
32,128,1,relu1,2.86720004e-05
32,128,2,pool,4.0959999e-05
32,128,3,conv2,0.000221407995
32,128,4,relu2,8.19199998e-06
32,128,5,conv3,0.000108543999
32,128,6,relu3,6.14400022e-06
32,128,7,conv4,5.11999987e-05
32,128,8,relu4,8.19199998e-06
32,128,9,conv5,0.000335871994
32,128,10,relu5,5.98399993e-06
32,128,11,conv6,0.000456863999
32,128,12,relu6,7.19999988e-06
32,128,13,gap,1.89120006e-05
32,128,14,fc1,2.63679996e-05
32,128,15,relu7,4.76799998e-06
32,128,16,fc2,1.6384e-05
224,95,0,conv1,0.0177889271
224,95,1,relu1,0.00127132797
224,95,2,pool,0.00131603205
224,95,3,conv2,0.00563696003
224,95,4,relu2,0.000636352003
224,95,5,conv3,0.002629632
224,95,6,relu3,0.000321503997
224,95,7,conv4,0.00126163197
224,95,8,relu4,0.000640896022
224,95,9,conv5,0.00525926399
224,95,10,relu5,0.000156192005
224,95,11,conv6,0.00119091201
224,95,12,relu6,0.000321503997
224,95,13,gap,0.000169568002
224,95,14,fc1,3.07839997e-05
224,95,15,relu7,6.14400022e-06
224,95,16,fc2,1.85599998e-05
48,4,0,conv1,8.6112e-05
48,4,1,relu1,3.71519998e-05
48,4,2,pool,4.56960015e-05
48,4,3,conv2,0.000198847994
48,4,4,relu2,4.09599999e-06
48,4,5,conv3,3.82080004e-05
48,4,6,relu3,3.96799995e-06
48,4,7,conv4,5.37279993e-05
48,4,8,relu4,3.07199992e-05
48,4,9,conv5,0.000163808003
48,4,10,relu5,4.00000019e-06
48,4,11,conv6,2.128e-05
48,4,12,relu6,3.90399992e-06
48,4,13,gap,1.40159996e-05
48,4,14,fc1,7.80799985e-05
48,4,15,relu7,3.35040018e-05
48,4,16,fc2,5.11999987e-05
400,16,0,conv1,0.00211180806
400,16,1,relu1,0.00068620801
400,16,2,pool,0.000694527984
400,16,3,conv2,0.00258300805
400,16,4,relu2,0.000341055989
400,16,5,conv3,0.00138064003
400,16,6,relu3,0.000174239993
400,16,7,conv4,0.000665247977
400,16,8,relu4,0.000344992012
400,16,9,conv5,0.00293692803
400,16,10,relu5,8.52800012e-05
400,16,11,conv6,0.000652704
400,16,12,relu6,0.000173503995
400,16,13,gap,0.000107487999
400,16,14,fc1,1.86560005e-05
400,16,15,relu7,5.76000009e-06
400,16,16,fc2,1.03040002e-05
512,95,0,conv1,0.0887593307
512,95,1,relu1,0.00665372801
512,95,2,pool,0.00633199978
512,95,3,conv2,0.0247787514
512,95,4,relu2,0.00331366396
512,95,5,conv3,0.0140240316
512,95,6,relu3,0.00166240001
512,95,7,conv4,0.00658595181
512,95,8,relu4,0.003318784
512,95,9,conv5,0.0277708797
512,95,10,relu5,0.00082940799
512,95,11,conv6,0.00705830383
512,95,12,relu6,0.00166121602
512,95,13,gap,0.000766592026
512,95,14,fc1,3.61599997e-05
512,95,15,relu7,6.56000013e-06
512,95,16,fc2,2.10560001e-05
512,256,0,conv1,0.24922403
512,256,1,relu1,0.0178892155
512,256,2,pool,0.0170905609
512,256,3,conv2,0.068927742
512,256,4,relu2,0.00892854404
512,256,5,conv3,0.0439828491
512,256,6,relu3,0.00446851206
512,256,7,conv4,0.0188807049
512,256,8,relu4,0.00893539238
512,256,9,conv5,0.0841334076
512,256,10,relu5,0.00222860789
512,256,11,conv6,0.0210534077
512,256,12,relu6,0.00446784019
512,256,13,gap,0.00202963209
512,256,14,fc1,5.58080003e-05
512,256,15,relu7,6.43200008e-06
512,256,16,fc2,2.95039993e-05
32,32,0,conv1,9.41120014e-05
32,32,1,relu1,4.10879999e-05
32,32,2,pool,4.95680012e-05
32,32,3,conv2,0.000141312003
32,32,4,relu2,5.53599978e-06
32,32,5,conv3,9.38879997e-05
32,32,6,relu3,4.44799988e-06
32,32,7,conv4,5.95839992e-05
32,32,8,relu4,3.47520001e-05
32,32,9,conv5,0.000192576006
32,32,10,relu5,4.22400003e-06
32,32,11,conv6,0.00011056
32,32,12,relu6,4.38399985e-06
32,32,13,gap,9.98399965e-06
32,32,14,fc1,2.45760009e-05
32,32,15,relu7,3.84319983e-05
32,32,16,fc2,5.98720014e-05
400,2,0,conv1,0.000319775999
400,2,1,relu1,9.12320018e-05
400,2,2,pool,9.27679986e-05
400,2,3,conv2,0.000483520001
400,2,4,relu2,4.54399996e-05
400,2,5,conv3,0.000178271994
400,2,6,relu3,1.10400002e-05
400,2,7,conv4,8.84800032e-05
400,2,8,relu4,4.7104001e-05
400,2,9,conv5,0.000462015986
400,2,10,relu5,7.87200034e-06
400,2,11,conv6,9.6864e-05
400,2,12,relu6,1.06560001e-05
400,2,13,gap,1.23199997e-05
400,2,14,fc1,1.06880004e-05
400,2,15,relu7,5.88800013e-06
400,2,16,fc2,7.67999981e-06
512,32,0,conv1,0.00826390362
512,32,1,relu1,0.00223955202
512,32,2,pool,0.00259344006
512,32,3,conv2,0.0088768959
512,32,4,relu2,0.00111715198
512,32,5,conv3,0.0054906559
512,32,6,relu3,0.000560800016
512,32,7,conv4,0.00261427212
512,32,8,relu4,0.00112064004
512,32,9,conv5,0.0111776323
512,32,10,relu5,0.000276448011
512,32,11,conv6,0.00259276795
512,32,12,relu6,0.00056358403
512,32,13,gap,0.00027532801
512,32,14,fc1,2.58879997e-05
512,32,15,relu7,6.14400022e-06
512,32,16,fc2,2.42240001e-05
256,64,0,conv1,0.00418761587
256,64,1,relu1,0.00112227201
256,64,2,pool,0.00141107202
256,64,3,conv2,0.00498086405
256,64,4,relu2,0.000557919979
256,64,5,conv3,0.003006464
256,64,6,relu3,0.000280672014
256,64,7,conv4,0.00131827199
256,64,8,relu4,0.000563199997
256,64,9,conv5,0.00551814413
256,64,10,relu5,0.000138336003
256,64,11,conv6,0.00128003204
256,64,12,relu6,0.000283744007
256,64,13,gap,0.000150048003
256,64,14,fc1,2.85439994e-05
256,64,15,relu7,6.14400022e-06
256,64,16,fc2,2.36799996e-05
224,4,0,conv1,0.000215616003
224,4,1,relu1,5.73440008e-05
224,4,2,pool,6.04799986e-05
224,4,3,conv2,0.000348288
224,4,4,relu2,1.18399998e-05
224,4,5,conv3,0.000175615996
224,4,6,relu3,8.19199998e-06
224,4,7,conv4,7.48799965e-05
224,4,8,relu4,1.22880004e-05
224,4,9,conv5,0.000376832008
224,4,10,relu5,6.68800017e-06
224,4,11,conv6,9.01760012e-05
224,4,12,relu6,8.19199998e-06
224,4,13,gap,1.31839998e-05
224,4,14,fc1,1.07840002e-05
224,4,15,relu7,4.96000005e-06
224,4,16,fc2,7.45599996e-06
224,1,0,conv1,0.000149504006
224,1,1,relu1,4.91520017e-05
224,1,2,pool,5.11999987e-05
224,1,3,conv2,0.000192512006
224,1,4,relu2,2.66239997e-05
224,1,5,conv3,0.000140320003
224,1,6,relu3,6.72959983e-05
224,1,7,conv4,0.000123167999
224,1,8,relu4,6.14399984e-05
224,1,9,conv5,0.000214080006
224,1,10,relu5,4.28800005e-06
224,1,11,conv6,0.000112640001
224,1,12,relu6,6.14079982e-05
224,1,13,gap,7.91679993e-05
224,1,14,fc1,0.000117119998
224,1,15,relu7,6.01599999e-05
224,1,16,fc2,9.94239971e-05
256,256,0,conv1,0.0698631973
256,256,1,relu1,0.00446752024
256,256,2,pool,0.00542924786
256,256,3,conv2,0.0193879356
256,256,4,relu2,0.00223385596
256,256,5,conv3,0.0145966082
256,256,6,relu3,0.001121984
256,256,7,conv4,0.00662931204
256,256,8,relu4,0.00223577595
256,256,9,conv5,0.0271865597
256,256,10,relu5,0.000556832016
256,256,11,conv6,0.006085536
256,256,12,relu6,0.00112025595
256,256,13,gap,0.000530399978
256,256,14,fc1,5.84959984e-05
256,256,15,relu7,7.04000005e-06
256,256,16,fc2,3.04000005e-05
256,98,0,conv1,0.0282183037
256,98,1,relu1,0.00171417606
256,98,2,pool,0.00223772812
256,98,3,conv2,0.00896246433
256,98,4,relu2,0.000855776012
256,98,5,conv3,0.00491107178
256,98,6,relu3,0.000430559993
256,98,7,conv4,0.00227123189
256,98,8,relu4,0.000859167993
256,98,9,conv5,0.00992355156
256,98,10,relu5,0.000212991998
256,98,11,conv6,0.00233670402
256,98,12,relu6,0.000432832003
256,98,13,gap,0.000219392002
256,98,14,fc1,4.27200012e-05
256,98,15,relu7,6.5919999e-06
256,98,16,fc2,2.45440006e-05
384,4,0,conv1,0.000576224029
384,4,1,relu1,0.000161504
384,4,2,pool,0.000176287994
384,4,3,conv2,0.00105529594
384,4,4,relu2,8.20479989e-05
384,4,5,conv3,0.000378719985
384,4,6,relu3,4.0479999e-05
384,4,7,conv4,0.000170816004
384,4,8,relu4,8.19199979e-05
384,4,9,conv5,0.000729376018
384,4,10,relu5,1.18720001e-05
384,4,11,conv6,0.000180096
384,4,12,relu6,3.74399982e-05
384,4,13,gap,2.31040008e-05
384,4,14,fc1,1.22560002e-05
384,4,15,relu7,5.95200015e-06
384,4,16,fc2,8.19199998e-06
64,2,0,conv1,8.24640021e-05
64,2,1,relu1,3.7312001e-05
64,2,2,pool,4.60800007e-05
64,2,3,conv2,0.000170944005
64,2,4,relu2,4.16000001e-06
64,2,5,conv3,7.16800019e-05
64,2,6,relu3,2.82559991e-05
64,2,7,conv4,6.18560016e-05
64,2,8,relu4,3.27679999e-05
64,2,9,conv5,0.000171103999
64,2,10,relu5,4.06400021e-06
64,2,11,conv6,2.07039993e-05
64,2,12,relu6,4.06400021e-06
64,2,13,gap,2.72000004e-05
64,2,14,fc1,8.00959989e-05
64,2,15,relu7,3.64160016e-05
64,2,16,fc2,5.55200018e-05
112,16,0,conv1,0.000225216001
112,16,1,relu1,5.70559986e-05
112,16,2,pool,6.14079982e-05
112,16,3,conv2,0.000352319986
112,16,4,relu2,1.18399998e-05
112,16,5,conv3,0.000182208002
112,16,6,relu3,8.25599954e-06
112,16,7,conv4,7.42399991e-05
112,16,8,relu4,1.2352e-05
112,16,9,conv5,0.000379072011
112,16,10,relu5,6.4960001e-06
112,16,11,conv6,8.60479996e-05
112,16,12,relu6,8.19199998e-06
112,16,13,gap,2.27199998e-05
112,16,14,fc1,1.664e-05
112,16,15,relu7,4.63999994e-06
112,16,16,fc2,9.98399965e-06
112,256,0,conv1,0.0162938881
112,256,1,relu1,0.000852800012
112,256,2,pool,0.00104473603
112,256,3,conv2,0.00586214399
112,256,4,relu2,0.000426560014
112,256,5,conv3,0.00230188799
112,256,6,relu3,0.000216959998
112,256,7,conv4,0.00110387194
112,256,8,relu4,0.000432128012
112,256,9,conv5,0.0045650239
112,256,10,relu5,0.000106495999
112,256,11,conv6,0.00103424001
112,256,12,relu6,0.000216447994
112,256,13,gap,0.000330271989
112,256,14,fc1,5.11679985e-05
112,256,15,relu7,6.68800017e-06
112,256,16,fc2,2.66239997e-05
512,128,0,conv1,0.125802528
512,128,1,relu1,0.0089274559
512,128,2,pool,0.0106861439
512,128,3,conv2,0.0356136971
512,128,4,relu2,0.00446585608
512,128,5,conv3,0.0262398071
512,128,6,relu3,0.00223523211
512,128,7,conv4,0.0111209278
512,128,8,relu4,0.00446886396
512,128,9,conv5,0.0451774406
512,128,10,relu5,0.001114048
512,128,11,conv6,0.0109534082
512,128,12,relu6,0.00223491192
512,128,13,gap,0.00102831995
512,128,14,fc1,4.01280001e-05
512,128,15,relu7,6.27199979e-06
512,128,16,fc2,2.48000007e-05
352,8,0,conv1,0.000879616022
352,8,1,relu1,0.000268287987
352,8,2,pool,0.000266175985
352,8,3,conv2,0.00141721594
352,8,4,relu2,0.000135168001
352,8,5,conv3,0.000623264015
352,8,6,relu3,6.96320012e-05
352,8,7,conv4,0.000256096005
352,8,8,relu4,0.000135455996
352,8,9,conv5,0.00130643201
352,8,10,relu5,2.58239992e-05
352,8,11,conv6,0.000302240014
352,8,12,relu6,6.75840005e-05
352,8,13,gap,5.32479994e-05
352,8,14,fc1,1.5904e-05
352,8,15,relu7,4.96000005e-06
352,8,16,fc2,1.00800004e-05
64,128,0,conv1,0.00239158392
64,128,1,relu1,0.000136511996
64,128,2,pool,0.000137088001
64,128,3,conv2,0.000758495986
64,128,4,relu2,7.48160034e-05
64,128,5,conv3,0.000342400014
64,128,6,relu3,2.71039996e-05
64,128,7,conv4,0.000147903994
64,128,8,relu4,7.16800019e-05
64,128,9,conv5,0.000666719973
64,128,10,relu5,9.63199977e-06
64,128,11,conv6,0.000153824002
64,128,12,relu6,2.66239997e-05
64,128,13,gap,5.85919991e-05
64,128,14,fc1,2.74240002e-05
64,128,15,relu7,5.21600014e-06
64,128,16,fc2,1.73119996e-05
512,1,0,conv1,0.000309343994
512,1,1,relu1,6.79360032e-05
512,1,2,pool,7.43359998e-05
512,1,3,conv2,0.000462848008
512,1,4,relu2,2.45760009e-05
512,1,5,conv3,0.000172031999
512,1,6,relu3,9.85599961e-06
512,1,7,conv4,8.43520015e-05
512,1,8,relu4,3.68640013e-05
512,1,9,conv5,0.000397311985
512,1,10,relu5,6.81600021e-06
512,1,11,conv6,8.19199979e-05
512,1,12,relu6,1.22880004e-05
512,1,13,gap,1.22880004e-05
512,1,14,fc1,9.34400037e-06
512,1,15,relu7,5.02400007e-06
512,1,16,fc2,2.45440006e-05
352,256,0,conv1,0.129468506
352,256,1,relu1,0.00843750381
352,256,2,pool,0.00882070446
352,256,3,conv2,0.0321879044
352,256,4,relu2,0.00422294378
352,256,5,conv3,0.0229662724
352,256,6,relu3,0.0021148479
352,256,7,conv4,0.0106976957
352,256,8,relu4,0.00422092819
352,256,9,conv5,0.0434134712
352,256,10,relu5,0.001054528
352,256,11,conv6,0.0102882557
352,256,12,relu6,0.00210944009
352,256,13,gap,0.00101990402
352,256,14,fc1,5.47199994e-05
352,256,15,relu7,6.71999995e-06
352,256,16,fc2,2.86400001e-05
64,32,0,conv1,0.000185824007
64,32,1,relu1,3.26399989e-05
64,32,2,pool,7.80799985e-05
64,32,3,conv2,0.000272767991
64,32,4,relu2,8.19199998e-06
64,32,5,conv3,9.78239998e-05
64,32,6,relu3,6.20799977e-06
64,32,7,conv4,0.000116416
64,32,8,relu4,6.37120008e-05
64,32,9,conv5,0.000368640006
64,32,10,relu5,5.63200004e-06
64,32,11,conv6,6.97600022e-05
64,32,12,relu6,6.11199997e-06
64,32,13,gap,1.83680002e-05
64,32,14,fc1,0.000124672003
64,32,15,relu7,6.34879991e-05
64,32,16,fc2,0.000106207997
512,4,0,conv1,0.00084175998
512,4,1,relu1,0.000284640014
512,4,2,pool,0.000268287987
512,4,3,conv2,0.00144604802
512,4,4,relu2,0.000144480005
512,4,5,conv3,0.000633632004
512,4,6,relu3,7.50399977e-05
512,4,7,conv4,0.000256191999
512,4,8,relu4,0.000144639999
512,4,9,conv5,0.00130211198
512,4,10,relu5,3.00799999e-05
512,4,11,conv6,0.00026057601
512,4,12,relu6,7.36000016e-05
512,4,13,gap,5.11999987e-05
512,4,14,fc1,1.19040003e-05
512,4,15,relu7,4.48000012e-06
512,4,16,fc2,8.15999974e-06
128,95,0,conv1,0.00523059177
128,95,1,relu1,0.000415232003
128,95,2,pool,0.000425983995
128,95,3,conv2,0.00195401597
128,95,4,relu2,0.000206303999
128,95,5,conv3,0.000879903972
128,95,6,relu3,0.000108351998
128,95,7,conv4,0.000434816003
128,95,8,relu4,0.000210687995
128,95,9,conv5,0.00185750401
128,95,10,relu5,4.91839983e-05
128,95,11,conv6,0.000413695991
128,95,12,relu6,0.000108896002
128,95,13,gap,0.000110592
128,95,14,fc1,3.11999992e-05
128,95,15,relu7,6.14400022e-06
128,95,16,fc2,1.84320007e-05
256,32,0,conv1,0.00180057597
256,32,1,relu1,0.000561151981
256,32,2,pool,0.000577535987
256,32,3,conv2,0.00219456005
256,32,4,relu2,0.000278528005
256,32,5,conv3,0.00119231999
256,32,6,relu3,0.000142432004
256,32,7,conv4,0.000555136025
256,32,8,relu4,0.000284159988
256,32,9,conv5,0.00250262403
256,32,10,relu5,6.69440031e-05
256,32,11,conv6,0.000581439972
256,32,12,relu6,0.000143552005
256,32,13,gap,8.56000036e-05
256,32,14,fc1,2.28160005e-05
256,32,15,relu7,6.01600017e-06
256,32,16,fc2,2.07359996e-05
400,64,0,conv1,0.010990016
400,64,1,relu1,0.00273280001
400,64,2,pool,0.00335766411
400,64,3,conv2,0.0109240322
400,64,4,relu2,0.00136604798
400,64,5,conv3,0.00706150389
400,64,6,relu3,0.000684351981
400,64,7,conv4,0.0035246079
400,64,8,relu4,0.00136915195
400,64,9,conv5,0.0149961281
400,64,10,relu5,0.000339455992
400,64,11,conv6,0.00340995193
400,64,12,relu6,0.000685823977
400,64,13,gap,0.000360224009
400,64,14,fc1,3.05599999e-05
400,64,15,relu7,6.27199979e-06
400,64,16,fc2,2.48319991e-05
352,95,0,conv1,0.0474477768
352,95,1,relu1,0.00313238406
352,95,2,pool,0.0038505919
352,95,3,conv2,0.012965888
352,95,4,relu2,0.00156777596
352,95,5,conv3,0.00778073597
352,95,6,relu3,0.000787199974
352,95,7,conv4,0.00391539192
352,95,8,relu4,0.00157280004
352,95,9,conv5,0.0158373442
352,95,10,relu5,0.000391519994
352,95,11,conv6,0.00375433612
352,95,12,relu6,0.000788511992
352,95,13,gap,0.000394879997
352,95,14,fc1,3.89119983e-05
352,95,15,relu7,6.71999995e-06
352,95,16,fc2,2.25280002e-05
256,4,0,conv1,0.000270559996
256,4,1,relu1,7.36320019e-05
256,4,2,pool,7.41759986e-05
256,4,3,conv2,0.000456384003
256,4,4,relu2,3.09120007e-05
256,4,5,conv3,0.000180191994
256,4,6,relu3,8.86400044e-06
256,4,7,conv4,8.39679986e-05
256,4,8,relu4,3.89119983e-05
256,4,9,conv5,0.000374848008
256,4,10,relu5,6.65599992e-06
256,4,11,conv6,9.21600014e-05
256,4,12,relu6,8.60800035e-06
256,4,13,gap,1.38560003e-05
256,4,14,fc1,1.07199997e-05
256,4,15,relu7,5.02400007e-06
256,4,16,fc2,7.45599996e-06
128,8,0,conv1,0.000178655997
128,8,1,relu1,3.27679999e-05
128,8,2,pool,6.55359998e-05
128,8,3,conv2,0.000247807994
128,8,4,relu2,8.06399994e-06
128,8,5,conv3,0.000182336003
128,8,6,relu3,6.14400022e-06
128,8,7,conv4,4.45760004e-05
128,8,8,relu4,7.96800014e-06
128,8,9,conv5,0.000304127991
128,8,10,relu5,5.47200022e-06
128,8,11,conv6,4.84480001e-05
128,8,12,relu6,6.11199997e-06
128,8,13,gap,1.43360002e-05
128,8,14,fc1,1.42080002e-05
128,8,15,relu7,5.15200011e-06
128,8,16,fc2,8.48000031e-06
384,256,0,conv1,0.154740097
384,256,1,relu1,0.0100451841
384,256,2,pool,0.0111379519
384,256,3,conv2,0.0388260155
384,256,4,relu2,0.00501961613
384,256,5,conv3,0.0322234879
384,256,6,relu3,0.00251471996
384,256,7,conv4,0.0127939196
384,256,8,relu4,0.00502799988
384,256,9,conv5,0.0525373459
384,256,10,relu5,0.00125158405
384,256,11,conv6,0.013141696
384,256,12,relu6,0.00251286411
384,256,13,gap,0.00119500804
384,256,14,fc1,6.08640015e-05
384,256,15,relu7,7.71200005e-06
384,256,16,fc2,3.18400003e-05
112,4,0,conv1,0.000102944002
112,4,1,relu1,4.28799987e-05
112,4,2,pool,4.72000018e-05
112,4,3,conv2,0.000161408007
112,4,4,relu2,6.01600017e-06
112,4,5,conv3,8.55680034e-05
112,4,6,relu3,4.80000023e-06
112,4,7,conv4,5.32799996e-05
112,4,8,relu4,3.68640013e-05
112,4,9,conv5,0.000200672001
112,4,10,relu5,4.44799988e-06
112,4,11,conv6,4.30079997e-05
112,4,12,relu6,5.24799991e-06
112,4,13,gap,3.98080014e-05
112,4,14,fc1,9.0016e-05
112,4,15,relu7,3.85279991e-05
112,4,16,fc2,5.74400015e-05
400,95,0,conv1,0.064169342
400,95,1,relu1,0.0040447998
400,95,2,pool,0.00506464005
400,95,3,conv2,0.0164496002
400,95,4,relu2,0.0020252161
400,95,5,conv3,0.0104713917
400,95,6,relu3,0.00101721597
400,95,7,conv4,0.0054639039
400,95,8,relu4,0.00202739191
400,95,9,conv5,0.0227153282
400,95,10,relu5,0.000502080023
400,95,11,conv6,0.00510784006
400,95,12,relu6,0.00101692796
400,95,13,gap,0.000519263983
400,95,14,fc1,3.98080014e-05
400,95,15,relu7,7.71200005e-06
400,95,16,fc2,2.45440006e-05
512,16,0,conv1,0.00388566399
512,16,1,relu1,0.00112201595
512,16,2,pool,0.00126326394
512,16,3,conv2,0.00439913607
512,16,4,relu2,0.000559231997
512,16,5,conv3,0.00264985609
512,16,6,relu3,0.000282624006
512,16,7,conv4,0.00124313605
512,16,8,relu4,0.000563167989
512,16,9,conv5,0.00520198393
512,16,10,relu5,0.000138144001
512,16,11,conv6,0.00118419194
512,16,12,relu6,0.000284352005
512,16,13,gap,0.000150048003
512,16,14,fc1,2.04479992e-05
512,16,15,relu7,6.27199979e-06
512,16,16,fc2,1.1744e-05
32,98,0,conv1,0.00082415998
32,98,1,relu1,2.04799995e-05
32,98,2,pool,2.98560001e-05
32,98,3,conv2,0.000228992
32,98,4,relu2,8.19199998e-06
32,98,5,conv3,0.000102048002
32,98,6,relu3,6.176e-06
32,98,7,conv4,5.11999987e-05
32,98,8,relu4,8.12800042e-06
32,98,9,conv5,0.000358303994
32,98,10,relu5,6.11199997e-06
32,98,11,conv6,0.000371264011
32,98,12,relu6,6.14400022e-06
32,98,13,gap,1.64160002e-05
32,98,14,fc1,2.71039996e-05
32,98,15,relu7,4.86399978e-06
32,98,16,fc2,1.6384e-05
32,8,0,conv1,8.8064e-05
32,8,1,relu1,3.73440012e-05
32,8,2,pool,4.0959999e-05
32,8,3,conv2,0.000104832001
32,8,4,relu2,3.68640013e-05
32,8,5,conv3,7.01439977e-05
32,8,6,relu3,2.0544e-05
32,8,7,conv4,5.45919985e-05
32,8,8,relu4,3.02719995e-05
32,8,9,conv5,0.000167968005
32,8,10,relu5,3.96799995e-06
32,8,11,conv6,2.13440005e-05
32,8,12,relu6,4.09599999e-06
32,8,13,gap,8.19199998e-06
32,8,14,fc1,7.32799992e-05
32,8,15,relu7,3.14880013e-05
32,8,16,fc2,4.91520017e-05
352,2,0,conv1,0.000263648003
352,2,1,relu1,6.96320012e-05
352,2,2,pool,7.21279979e-05
352,2,3,conv2,0.000465279996
352,2,4,relu2,2.51839999e-05
352,2,5,conv3,0.000174015999
352,2,6,relu3,8.35200027e-06
352,2,7,conv4,8.51520002e-05
352,2,8,relu4,3.64799984e-05
352,2,9,conv5,0.000432128012
352,2,10,relu5,7.07199983e-06
352,2,11,conv6,9.42080021e-05
352,2,12,relu6,8.928e-06
352,2,13,gap,1.15839997e-05
352,2,14,fc1,1.0272e-05
352,2,15,relu7,5.5999998e-06
352,2,16,fc2,7.84000009e-06
256,167,0,conv1,0.0450704651
256,167,1,relu1,0.00291894388
256,167,2,pool,0.00337510395
256,167,3,conv2,0.0125112324
256,167,4,relu2,0.00145619202
256,167,5,conv3,0.00736460781
256,167,6,relu3,0.000731104016
256,167,7,conv4,0.00344000006
256,167,8,relu4,0.00145871997
256,167,9,conv5,0.0153089275
256,167,10,relu5,0.000362464011
256,167,11,conv6,0.00360655999
256,167,12,relu6,0.000733247995
256,167,13,gap,0.000354303986
256,167,14,fc1,5.27359992e-05
256,167,15,relu7,6.65599992e-06
256,167,16,fc2,2.65919995e-05
256,128,0,conv1,0.0309575672
256,128,1,relu1,0.00223974395
256,128,2,pool,0.00276486397
256,128,3,conv2,0.0096797123
256,128,4,relu2,0.00111817598
256,128,5,conv3,0.00583884811
256,128,6,relu3,0.000559967995
256,128,7,conv4,0.00270591998
256,128,8,relu4,0.00112025595
256,128,9,conv5,0.011708416
256,128,10,relu5,0.000277951986
256,128,11,conv6,0.00276473594
256,128,12,relu6,0.000562367976
256,128,13,gap,0.000277215987
256,128,14,fc1,3.89119983e-05
256,128,15,relu7,6.24000002e-06
256,128,16,fc2,2.39359997e-05
352,32,0,conv1,0.00375580812
352,32,1,relu1,0.00105856001
352,32,2,pool,0.00123273599
352,32,3,conv2,0.0041917119
352,32,4,relu2,0.000529727995
352,32,5,conv3,0.00265420794
352,32,6,relu3,0.000268831998
352,32,7,conv4,0.00126620805
352,32,8,relu4,0.000532800019
352,32,9,conv5,0.00538515186
352,32,10,relu5,0.000131264001
352,32,11,conv6,0.00123088002
352,32,12,relu6,0.000268287987
352,32,13,gap,0.000151040003
352,32,14,fc1,2.48959996e-05
352,32,15,relu7,6.0800002e-06
352,32,16,fc2,2.2752e-05
512,2,0,conv1,0.000516095996
512,2,1,relu1,0.000143360004
512,2,2,pool,0.000143360004
512,2,3,conv2,0.000825215995
512,2,4,relu2,7.30879977e-05
512,2,5,conv3,0.000346112013
512,2,6,relu3,2.96960007e-05
512,2,7,conv4,0.000149792001
512,2,8,relu4,7.36640021e-05
512,2,9,conv5,0.000695872009
512,2,10,relu5,1.01439999e-05
512,2,11,conv6,0.000159743994
512,2,12,relu6,3.74719985e-05
512,2,13,gap,1.55840004e-05
512,2,14,fc1,1.10400002e-05
512,2,15,relu7,6.14400022e-06
512,2,16,fc2,8.19199998e-06
384,1,0,conv1,0.000191072002
384,1,1,relu1,3.10399998e-05
384,1,2,pool,4.61440012e-05
384,1,3,conv2,0.000239647999
384,1,4,relu2,1.00159999e-05
384,1,5,conv3,0.000166912004
384,1,6,relu3,7.45599996e-06
384,1,7,conv4,4.97919992e-05
384,1,8,relu4,2.04799995e-05
384,1,9,conv5,0.000229471996
384,1,10,relu5,6.14400022e-06
384,1,11,conv6,4.68479991e-05
384,1,12,relu6,8.12800042e-06
384,1,13,gap,1.06560001e-05
384,1,14,fc1,9.31200013e-06
384,1,15,relu7,5.05599985e-06
384,1,16,fc2,7.77600007e-06
64,256,0,conv1,0.00479311991
64,256,1,relu1,0.000277696013
64,256,2,pool,0.000262975991
64,256,3,conv2,0.00112387204
64,256,4,relu2,0.000138367996
64,256,5,conv3,0.000565024018
64,256,6,relu3,7.16800019e-05
64,256,7,conv4,0.000259680003
64,256,8,relu4,0.000143616006
64,256,9,conv5,0.001269472
64,256,10,relu5,2.86720004e-05
64,256,11,conv6,0.000279520005
64,256,12,relu6,6.96640015e-05
64,256,13,gap,0.000109792002
64,256,14,fc1,3.64480019e-05
64,256,15,relu7,5.85599989e-06
64,256,16,fc2,1.93920005e-05
112,32,0,conv1,0.000405503988
112,32,1,relu1,0.000110592
112,32,2,pool,0.000116736002
112,32,3,conv2,0.000616832018
112,32,4,relu2,5.76319993e-05
112,32,5,conv3,0.000280544013
112,32,6,relu3,1.57120004e-05
112,32,7,conv4,0.000126944005
112,32,8,relu4,5.22239991e-05
112,32,9,conv5,0.000730080009
112,32,10,relu5,1.12960003e-05
112,32,11,conv6,0.000167935997
112,32,12,relu6,1.44640002e-05
112,32,13,gap,3.89759988e-05
112,32,14,fc1,2.19519995e-05
112,32,15,relu7,6.14400022e-06
112,32,16,fc2,2.0064e-05
384,64,0,conv1,0.00980905628
384,64,1,relu1,0.00251785588
384,64,2,pool,0.00307200003
384,64,3,conv2,0.00956803226
384,64,4,relu2,0.00125545597
384,64,5,conv3,0.00638521624
384,64,6,relu3,0.000631807983
384,64,7,conv4,0.00304128003
384,64,8,relu4,0.00125904
384,64,9,conv5,0.0128757124
384,64,10,relu5,0.000313311994
384,64,11,conv6,0.00295110393
384,64,12,relu6,0.000632640004
384,64,13,gap,0.000320735991
384,64,14,fc1,2.93760002e-05
384,64,15,relu7,6.27199979e-06
384,64,16,fc2,2.43519992e-05
112,167,0,conv1,0.0103229437
112,167,1,relu1,0.000555007994
112,167,2,pool,0.000626720011
112,167,3,conv2,0.00373350406
112,167,4,relu2,0.000276800007
112,167,5,conv3,0.00134723198
112,167,6,relu3,0.000142432004
112,167,7,conv4,0.000657728016
112,167,8,relu4,0.000283039987
112,167,9,conv5,0.00287334394
112,167,10,relu5,6.69440031e-05
112,167,11,conv6,0.000663519979
112,167,12,relu6,0.000143104002
112,167,13,gap,0.000203135997
112,167,14,fc1,4.53119986e-05
112,167,15,relu7,6.14400022e-06
112,167,16,fc2,2.27199998e-05
48,8,0,conv1,0.000102399997
48,8,1,relu1,4.05759998e-05
48,8,2,pool,4.35199998e-05
48,8,3,conv2,0.000105920002
48,8,4,relu2,4.28800005e-06
48,8,5,conv3,6.34239987e-05
48,8,6,relu3,3.30559984e-05
48,8,7,conv4,5.52960001e-05
48,8,8,relu4,3.24480012e-05
48,8,9,conv5,0.000280575991
48,8,10,relu5,4.09599999e-06
48,8,11,conv6,2.45760009e-05
48,8,12,relu6,4.09599999e-06
48,8,13,gap,8.19199998e-06
48,8,14,fc1,1.26080001e-05
48,8,15,relu7,3.31839994e-05
48,8,16,fc2,5.11999987e-05
32,4,0,conv1,0.000108032003
32,4,1,relu1,5.09440005e-05
32,4,2,pool,5.51039986e-05
32,4,3,conv2,0.000129023999
32,4,4,relu2,4.90240008e-05
32,4,5,conv3,8.09279978e-05
32,4,6,relu3,4.50560004e-05
32,4,7,conv4,7.98719972e-05
32,4,8,relu4,4.0959999e-05
32,4,9,conv5,0.000177952006
32,4,10,relu5,3.93600017e-06
32,4,11,conv6,2.12159995e-05
32,4,12,relu6,3.48160006e-05
32,4,13,gap,6.00319989e-05
32,4,14,fc1,9.3216002e-05
32,4,15,relu7,4.53759991e-05
32,4,16,fc2,7.15200007e-05
224,8,0,conv1,0.000413695991
224,8,1,relu1,0.000110271998
224,8,2,pool,0.000118784003
224,8,3,conv2,0.000624032021
224,8,4,relu2,5.66719994e-05
224,8,5,conv3,0.000268287987
224,8,6,relu3,1.53919999e-05
224,8,7,conv4,0.000120832004
224,8,8,relu4,5.32479994e-05
224,8,9,conv5,0.00063894397
224,8,10,relu5,8.38399958e-06
224,8,11,conv6,0.000157728001
224,8,12,relu6,1.42080002e-05
224,8,13,gap,1.89759992e-05
224,8,14,fc1,1.46880001e-05
224,8,15,relu7,5.43999998e-06
224,8,16,fc2,9.47200041e-06
256,2,0,conv1,0.000161791995
256,2,1,relu1,2.95039993e-05
256,2,2,pool,3.91680002e-05
256,2,3,conv2,0.000232703999
256,2,4,relu2,8.86400044e-06
256,2,5,conv3,0.000102399997
256,2,6,relu3,6.24000002e-06
256,2,7,conv4,4.7104001e-05
256,2,8,relu4,8.32000002e-06
256,2,9,conv5,0.000221215993
256,2,10,relu5,6.11199997e-06
256,2,11,conv6,5.55519983e-05
256,2,12,relu6,6.56000013e-06
256,2,13,gap,1.02399997e-05
256,2,14,fc1,1.02399997e-05
256,2,15,relu7,5.66399982e-06
256,2,16,fc2,7.64800003e-06
400,1,0,conv1,0.000199520007
400,1,1,relu1,3.66399996e-05
400,1,2,pool,5.19680008e-05
400,1,3,conv2,0.000262143999
400,1,4,relu2,1.04639996e-05
400,1,5,conv3,0.000120832004
400,1,6,relu3,7.90399965e-06
400,1,7,conv4,5.11679985e-05
400,1,8,relu4,1.4304e-05
400,1,9,conv5,0.000247807994
400,1,10,relu5,6.5919999e-06
400,1,11,conv6,5.02079986e-05
400,1,12,relu6,8.22400022e-06
400,1,13,gap,1.14559997e-05
400,1,14,fc1,8.89599975e-06
400,1,15,relu7,5.43999998e-06
400,1,16,fc2,8.19199998e-06
48,167,0,conv1,0.00144716799
48,167,1,relu1,0.000102367997
48,167,2,pool,0.000111199997
48,167,3,conv2,0.000554943979
48,167,4,relu2,5.48160002e-05
48,167,5,conv3,0.000255136013
48,167,6,relu3,1.42400004e-05
48,167,7,conv4,0.000118784003
48,167,8,relu4,4.91520017e-05
48,167,9,conv5,0.000671743989
48,167,10,relu5,9.60000046e-06
48,167,11,conv6,0.000633440018
48,167,12,relu6,2.68159993e-05
48,167,13,gap,4.10239995e-05
48,167,14,fc1,3.68640013e-05
48,167,15,relu7,5.5999998e-06
48,167,16,fc2,1.90719999e-05
256,1,0,conv1,0.000108543999
256,1,1,relu1,1.1744e-05
256,1,2,pool,4.27520014e-05
256,1,3,conv2,0.000166528001
256,1,4,relu2,6.14400022e-06
256,1,5,conv3,6.27200007e-05
256,1,6,relu3,7.1680001e-06
256,1,7,conv4,6.69440031e-05
256,1,8,relu4,3.52320001e-05
256,1,9,conv5,0.000213504001
256,1,10,relu5,5.91999991e-06
256,1,11,conv6,2.8864e-05
256,1,12,relu6,5.91999991e-06
256,1,13,gap,2.38719992e-05
256,1,14,fc1,7.57760033e-05
256,1,15,relu7,3.3888001e-05
256,1,16,fc2,5.11679985e-05
400,98,0,conv1,0.0701921616
400,98,1,relu1,0.00417231989
400,98,2,pool,0.00473603201
400,98,3,conv2,0.018348032
400,98,4,relu2,0.00208998394
400,98,5,conv3,0.00995859241
400,98,6,relu3,0.00104911995
400,98,7,conv4,0.00516092777
400,98,8,relu4,0.00208953595
400,98,9,conv5,0.0218583355
400,98,10,relu5,0.00052214402
400,98,11,conv6,0.00511033583
400,98,12,relu6,0.00104812801
400,98,13,gap,0.000535712004
400,98,14,fc1,3.89119983e-05
400,98,15,relu7,6.84799999e-06
400,98,16,fc2,2.30400003e-05
112,95,0,conv1,0.00523126411
112,95,1,relu1,0.000314527988
112,95,2,pool,0.000352288008
112,95,3,conv2,0.00201779199
112,95,4,relu2,0.000156479999
112,95,5,conv3,0.000765248001
112,95,6,relu3,8.2592003e-05
112,95,7,conv4,0.000378912002
112,95,8,relu4,0.000161760002
112,95,9,conv5,0.00162819195
112,95,10,relu5,3.39840017e-05
112,95,11,conv6,0.000370880008
112,95,12,relu6,8.27519968e-05
112,95,13,gap,0.000117888004
112,95,14,fc1,3.31839994e-05
112,95,15,relu7,6.33599982e-06
112,95,16,fc2,2.02239994e-05
128,16,0,conv1,0.000337695986
128,16,1,relu1,7.37280026e-05
128,16,2,pool,7.48160034e-05
128,16,3,conv2,0.000469632
128,16,4,relu2,3.02399993e-05
128,16,5,conv3,0.000187168002
128,16,6,relu3,9.72799957e-06
128,16,7,conv4,9.42080021e-05
128,16,8,relu4,2.65919995e-05
128,16,9,conv5,0.000389791995
128,16,10,relu5,7.32799992e-06
128,16,11,conv6,9.27679986e-05
128,16,12,relu6,9.56800021e-06
128,16,13,gap,2.27199998e-05
128,16,14,fc1,1.74400005e-05
128,16,15,relu7,5.05599985e-06
128,16,16,fc2,1.01439999e-05
384,128,0,conv1,0.0721447983
384,128,1,relu1,0.00502735996
384,128,2,pool,0.0062422719
384,128,3,conv2,0.0194069118
384,128,4,relu2,0.0025119679
384,128,5,conv3,0.0132406721
384,128,6,relu3,0.00125839996
384,128,7,conv4,0.00643843222
384,128,8,relu4,0.00251503992
384,128,9,conv5,0.026941824
384,128,10,relu5,0.000626720011
384,128,11,conv6,0.00622547197
384,128,12,relu6,0.00125833595
384,128,13,gap,0.000611519992
384,128,14,fc1,3.97120006e-05
384,128,15,relu7,6.176e-06
384,128,16,fc2,2.45760009e-05
384,98,0,conv1,0.0608146896
384,98,1,relu1,0.00384886408
384,98,2,pool,0.00442528009
384,98,3,conv2,0.0161319351
384,98,4,relu2,0.00191673601
384,98,5,conv3,0.00911257553
384,98,6,relu3,0.00096736002
384,98,7,conv4,0.0046285758
384,98,8,relu4,0.00192975998
384,98,9,conv5,0.0199125443
384,98,10,relu5,0.000483040005
384,98,11,conv6,0.00465305614
384,98,12,relu6,0.00096608001
384,98,13,gap,0.00047318399
384,98,14,fc1,3.77280004e-05
384,98,15,relu7,6.84799999e-06
384,98,16,fc2,2.31359992e-05
224,128,0,conv1,0.0257507191
224,128,1,relu1,0.00170799994
224,128,2,pool,0.00218111992
224,128,3,conv2,0.00876428795
224,128,4,relu2,0.000855679989
224,128,5,conv3,0.00467510414
224,128,6,relu3,0.000432256013
224,128,7,conv4,0.00222886395
224,128,8,relu4,0.000858080029
224,128,9,conv5,0.00910832024
224,128,10,relu5,0.000217247993
224,128,11,conv6,0.00229299212
224,128,12,relu6,0.000434879988
224,128,13,gap,0.000257631987
224,128,14,fc1,4.09279987e-05
224,128,15,relu7,6.24000002e-06
224,128,16,fc2,2.51839999e-05
112,8,0,conv1,0.000145408005
112,8,1,relu1,1.04639996e-05
112,8,2,pool,2.80000009e-05
112,8,3,conv2,0.000233472005
112,8,4,relu2,7.67999981e-06
112,8,5,conv3,0.000110143997
112,8,6,relu3,5.79199987e-06
112,8,7,conv4,4.15359996e-05
112,8,8,relu4,1.22880004e-05
112,8,9,conv5,0.000312640011
112,8,10,relu5,5.05599985e-06
112,8,11,conv6,4.92159985e-05
112,8,12,relu6,6.14400022e-06
112,8,13,gap,1.43360002e-05
112,8,14,fc1,1.39199998e-05
112,8,15,relu7,4.67200018e-06
112,8,16,fc2,1.40479999e-05
64,98,0,conv1,0.00197155201
64,98,1,relu1,0.000103072003
64,98,2,pool,0.000115616001
64,98,3,conv2,0.000622591972
64,98,4,relu2,5.70879988e-05
64,98,5,conv3,0.000284767985
64,98,6,relu3,1.43999998e-05
64,98,7,conv4,0.000124927998
64,98,8,relu4,5.11999987e-05
64,98,9,conv5,0.000729088008
64,98,10,relu5,1.02399997e-05
64,98,11,conv6,0.000163839996
64,98,12,relu6,1.39199998e-05
64,98,13,gap,4.81919982e-05
64,98,14,fc1,2.91200001e-05
64,98,15,relu7,5.63200004e-06
64,98,16,fc2,1.84320007e-05
64,64,0,conv1,0.000290816009
64,64,1,relu1,7.36640021e-05
64,64,2,pool,7.56160021e-05
64,64,3,conv2,0.000458112001
64,64,4,relu2,3.06240004e-05
64,64,5,conv3,0.000184320003
64,64,6,relu3,8.96000024e-06
64,64,7,conv4,9.27999988e-05
64,64,8,relu4,2.66239997e-05
64,64,9,conv5,0.000380288005
64,64,10,relu5,6.78399997e-06
64,64,11,conv6,8.55360031e-05
64,64,12,relu6,8.70400015e-06
64,64,13,gap,3.27679999e-05
64,64,14,fc1,2.25280002e-05
64,64,15,relu7,5.91999991e-06
64,64,16,fc2,1.72160007e-05
112,2,0,conv1,8.9887999e-05
112,2,1,relu1,3.99359986e-05
112,2,2,pool,4.67200018e-05
112,2,3,conv2,0.000179071993
112,2,4,relu2,5.53599978e-06
112,2,5,conv3,8.76479968e-05
112,2,6,relu3,3.53920013e-05
112,2,7,conv4,6.05759993e-05
112,2,8,relu4,3.43360007e-05
112,2,9,conv5,0.000178975999
112,2,10,relu5,4.19199979e-06
112,2,11,conv6,2.56319996e-05
112,2,12,relu6,1.6384e-05
112,2,13,gap,5.32479994e-05
112,2,14,fc1,8.82560015e-05
112,2,15,relu7,3.66719998e-05
112,2,16,fc2,5.74720018e-05
384,8,0,conv1,0.00100684798
384,8,1,relu1,0.000317407995
384,8,2,pool,0.000325632006
384,8,3,conv2,0.00182265604
384,8,4,relu2,0.000160096005
384,8,5,conv3,0.000706080019
384,8,6,relu3,8.19199979e-05
384,8,7,conv4,0.000320127994
384,8,8,relu4,0.000161791995
384,8,9,conv5,0.00144944
384,8,10,relu5,3.33120003e-05
384,8,11,conv6,0.000341535985
384,8,12,relu6,7.98719972e-05
384,8,13,gap,6.14399984e-05
384,8,14,fc1,1.63199995e-05
384,8,15,relu7,4.89600003e-06
384,8,16,fc2,1.02399997e-05
224,16,0,conv1,0.000792576015
224,16,1,relu1,0.000217536002
224,16,2,pool,0.000243808001
224,16,3,conv2,0.00138409603
224,16,4,relu2,0.000110624
224,16,5,conv3,0.000527999997
224,16,6,relu3,5.54240011e-05
224,16,7,conv4,0.000254112005
224,16,8,relu4,0.000112063996
224,16,9,conv5,0.00117145598
224,16,10,relu5,1.89120006e-05
224,16,11,conv6,0.000227328002
224,16,12,relu6,5.17119989e-05
224,16,13,gap,4.7104001e-05
224,16,14,fc1,1.84320007e-05
224,16,15,relu7,6.14400022e-06
224,16,16,fc2,1.0272e-05
256,8,0,conv1,0.000506431997
256,8,1,relu1,0.000143680006
256,8,2,pool,0.000143135995
256,8,3,conv2,0.000819199979
256,8,4,relu2,7.32159987e-05
256,8,5,conv3,0.000355967999
256,8,6,relu3,2.87360009e-05
256,8,7,conv4,0.000147712007
256,8,8,relu4,7.37600029e-05
256,8,9,conv5,0.00087894398
256,8,10,relu5,9.85599961e-06
256,8,11,conv6,0.000174079999
256,8,12,relu6,2.74240002e-05
256,8,13,gap,2.04799995e-05
256,8,14,fc1,1.62560008e-05
256,8,15,relu7,5.53599978e-06
256,8,16,fc2,8.99199955e-06
32,95,0,conv1,0.000786432028
32,95,1,relu1,1.99040007e-05
32,95,2,pool,2.66559999e-05
32,95,3,conv2,0.000205152005
32,95,4,relu2,7.51999998e-06
32,95,5,conv3,9.07839984e-05
32,95,6,relu3,6.0800002e-06
32,95,7,conv4,4.67200018e-05
32,95,8,relu4,6.84799999e-06
32,95,9,conv5,0.000315391988
32,95,10,relu5,5.63200004e-06
32,95,11,conv6,0.000313600004
32,95,12,relu6,6.20799977e-06
32,95,13,gap,1.62240006e-05
32,95,14,fc1,2.42880005e-05
32,95,15,relu7,4.67200018e-06
32,95,16,fc2,1.57760009e-05
384,95,0,conv1,0.0547144012
384,95,1,relu1,0.00373081589
384,95,2,pool,0.00447964811
384,95,3,conv2,0.0146063356
384,95,4,relu2,0.00186476803
384,95,5,conv3,0.010084384
384,95,6,relu3,0.000935743988
384,95,7,conv4,0.00490303993
384,95,8,relu4,0.00186995196
384,95,9,conv5,0.0198809929
384,95,10,relu5,0.000466304004
384,95,11,conv6,0.00455904007
384,95,12,relu6,0.000937536001
384,95,13,gap,0.000460927993
384,95,14,fc1,3.92000005e-05
384,95,15,relu7,6.46399986e-06
384,95,16,fc2,2.37760004e-05
128,128,0,conv1,0.00709632015
128,128,1,relu1,0.000560703993
128,128,2,pool,0.000608255982
128,128,3,conv2,0.00262630391
128,128,4,relu2,0.000279103994
128,128,5,conv3,0.00126566398
128,128,6,relu3,0.000143455997
128,128,7,conv4,0.000603424013
128,128,8,relu4,0.000283327997
128,128,9,conv5,0.00268495989
128,128,10,relu5,6.55359998e-05
128,128,11,conv6,0.00062233597
128,128,12,relu6,0.000143360004
128,128,13,gap,0.000153568
128,128,14,fc1,3.42399999e-05
128,128,15,relu7,6.04799995e-06
128,128,16,fc2,2.07359996e-05
64,16,0,conv1,0.000120448001
64,16,1,relu1,2.25280002e-05
64,16,2,pool,4.48639989e-05
64,16,3,conv2,0.000152896002
64,16,4,relu2,6.01600017e-06
64,16,5,conv3,8.39679986e-05
64,16,6,relu3,5.47200022e-06
64,16,7,conv4,3.0816e-05
64,16,8,relu4,3.21279988e-05
64,16,9,conv5,0.000208895996
64,16,10,relu5,4.60800016e-06
64,16,11,conv6,4.61760014e-05
64,16,12,relu6,5.02400007e-06
64,16,13,gap,1.39199998e-05
64,16,14,fc1,8.25600028e-05
64,16,15,relu7,3.68640013e-05
64,16,16,fc2,5.73440008e-05
384,32,0,conv1,0.00471862411
384,32,1,relu1,0.00125875199
384,32,2,pool,0.00146700799
384,32,3,conv2,0.00476515198
384,32,4,relu2,0.000629216015
384,32,5,conv3,0.00311254406
384,32,6,relu3,0.000317440003
384,32,7,conv4,0.00146963203
384,32,8,relu4,0.000631648004
384,32,9,conv5,0.00642406416
384,32,10,relu5,0.000155103996
384,32,11,conv6,0.001472736
384,32,12,relu6,0.000317440003
384,32,13,gap,0.000175040007
384,32,14,fc1,2.54720002e-05
384,32,15,relu7,6.176e-06
384,32,16,fc2,2.33280007e-05
32,64,0,conv1,0.000118784003
32,64,1,relu1,1.84320007e-05
32,64,2,pool,4.65280004e-05
32,64,3,conv2,0.000160319999
32,64,4,relu2,6.14400022e-06
32,64,5,conv3,8.8064e-05
32,64,6,relu3,5.91999991e-06
32,64,7,conv4,3.11360005e-05
32,64,8,relu4,2.86720004e-05
32,64,9,conv5,0.000290688008
32,64,10,relu5,4.63999994e-06
32,64,11,conv6,0.000227328002
32,64,12,relu6,5.98399993e-06
32,64,13,gap,1.36320004e-05
32,64,14,fc1,1.93600003e-05
32,64,15,relu7,4.76799998e-06
32,64,16,fc2,1.61600001e-05
400,256,0,conv1,0.173357025
400,256,1,relu1,0.0109035196
400,256,2,pool,0.0115089598
400,256,3,conv2,0.044200737
400,256,4,relu2,0.00545334387
400,256,5,conv3,0.0329384651
400,256,6,relu3,0.00272704005
400,256,7,conv4,0.0141087036
400,256,8,relu4,0.00545404816
400,256,9,conv5,0.0586863022
400,256,10,relu5,0.00136495996
400,256,11,conv6,0.0143445444
400,256,12,relu6,0.00272646403
400,256,13,gap,0.00134870398
400,256,14,fc1,5.68000004e-05
400,256,15,relu7,6.68800017e-06
400,256,16,fc2,3.00159995e-05
400,128,0,conv1,0.0819937592
400,128,1,relu1,0.00545276785
400,128,2,pool,0.00659104013
400,128,3,conv2,0.0215224323
400,128,4,relu2,0.00272620797
400,128,5,conv3,0.0164377918
400,128,6,relu3,0.00136556804
400,128,7,conv4,0.00739532804
400,128,8,relu4,0.0027299521
400,128,9,conv5,0.0298725433
400,128,10,relu5,0.000679808021
400,128,11,conv6,0.00684656
400,128,12,relu6,0.00136608005
400,128,13,gap,0.000688896
400,128,14,fc1,3.93600017e-05
400,128,15,relu7,6.56000013e-06
400,128,16,fc2,2.47360002e-05
64,167,0,conv1,0.00330140805
64,167,1,relu1,0.000179199994
64,167,2,pool,0.000183423996
64,167,3,conv2,0.00102079999
64,167,4,relu2,9.42080021e-05
64,167,5,conv3,0.000440319985
64,167,6,relu3,4.61120009e-05
64,167,7,conv4,0.000196991995
64,167,8,relu4,9.42080021e-05
64,167,9,conv5,0.001001472
64,167,10,relu5,1.31519996e-05
64,167,11,conv6,0.000230912
64,167,12,relu6,4.15359996e-05
64,167,13,gap,8.3039999e-05
64,167,14,fc1,3.77280004e-05
64,167,15,relu7,5.02400007e-06
64,167,16,fc2,2.02879999e-05
224,2,0,conv1,0.000142560005
224,2,1,relu1,1.09759998e-05
224,2,2,pool,2.89600007e-05
224,2,3,conv2,0.000237440005
224,2,4,relu2,7.71200005e-06
224,2,5,conv3,9.62560028e-05
224,2,6,relu3,6.11199997e-06
224,2,7,conv4,4.09919992e-05
224,2,8,relu4,6.97600003e-06
224,2,9,conv5,0.000202751994
224,2,10,relu5,6.14400022e-06
224,2,11,conv6,5.16479984e-05
224,2,12,relu6,6.24000002e-06
224,2,13,gap,9.72799957e-06
224,2,14,fc1,1.02399997e-05
224,2,15,relu7,1.9808e-05
224,2,16,fc2,6.52159974e-05
352,16,0,conv1,0.00181055999
352,16,1,relu1,0.000532480001
352,16,2,pool,0.00058089602
352,16,3,conv2,0.0020548799
352,16,4,relu2,0.000264223993
352,16,5,conv3,0.00133231997
352,16,6,relu3,0.000135424003
352,16,7,conv4,0.000595968008
352,16,8,relu4,0.000268256009
352,16,9,conv5,0.00280169606
352,16,10,relu5,6.58880025e-05
352,16,11,conv6,0.000606751978
352,16,12,relu6,0.000133568004
352,16,13,gap,8.8064e-05
352,16,14,fc1,2.04479992e-05
352,16,15,relu7,6.14400022e-06
352,16,16,fc2,1.1008e-05
112,128,0,conv1,0.0072358079
112,128,1,relu1,0.00042505601
112,128,2,pool,0.000510912001
112,128,3,conv2,0.00285900807
112,128,4,relu2,0.000214880005
112,128,5,conv3,0.00106390405
112,128,6,relu3,0.000112127997
112,128,7,conv4,0.000548896015
112,128,8,relu4,0.000217695996
112,128,9,conv5,0.00210387206
112,128,10,relu5,5.2480001e-05
112,128,11,conv6,0.000483359993
112,128,12,relu6,0.000111808002
112,128,13,gap,0.000159551993
112,128,14,fc1,3.49440016e-05
112,128,15,relu7,6.176e-06
112,128,16,fc2,2.12159995e-05
128,256,0,conv1,0.0164003849
128,256,1,relu1,0.00111795199
128,256,2,pool,0.00136668801
128,256,3,conv2,0.00603984022
128,256,4,relu2,0.000559104025
128,256,5,conv3,0.00288153601
128,256,6,relu3,0.000283712
128,256,7,conv4,0.00141078401
128,256,8,relu4,0.000562080026
128,256,9,conv5,0.00587571192
128,256,10,relu5,0.000139264002
128,256,11,conv6,0.00131833601
128,256,12,relu6,0.000282976002
128,256,13,gap,0.000335904002
128,256,14,fc1,5.11679985e-05
128,256,15,relu7,7.29600014e-06
128,256,16,fc2,2.69760005e-05
32,2,0,conv1,7.41759986e-05
32,2,1,relu1,3.83680016e-05
32,2,2,pool,4.16320004e-05
32,2,3,conv2,0.000102367997
32,2,4,relu2,5.27679995e-05
32,2,5,conv3,7.52959996e-05
32,2,6,relu3,2.45440006e-05
32,2,7,conv4,5.9551999e-05
32,2,8,relu4,3.20959985e-05
32,2,9,conv5,0.000167935997
32,2,10,relu5,4.09599999e-06
32,2,11,conv6,2.15039998e-05
32,2,12,relu6,4.00000019e-06
32,2,13,gap,2.57920008e-05
32,2,14,fc1,8.10239986e-05
32,2,15,relu7,3.60319987e-05
32,2,16,fc2,6.53759986e-05
384,167,0,conv1,0.103367073
384,167,1,relu1,0.00656236792
384,167,2,pool,0.00724639988
384,167,3,conv2,0.0260331841
384,167,4,relu2,0.00328089595
384,167,5,conv3,0.0182159042
384,167,6,relu3,0.00164108801
384,167,7,conv4,0.00846233559
384,167,8,relu4,0.00328294396
384,167,9,conv5,0.0350576324
384,167,10,relu5,0.000817471981
384,167,11,conv6,0.00824723244
384,167,12,relu6,0.001639328
384,167,13,gap,0.000787136018
384,167,14,fc1,5.40160015e-05
384,167,15,relu7,6.87999977e-06
384,167,16,fc2,2.68159993e-05
32,256,0,conv1,0.00196783996
32,256,1,relu1,6.44159988e-05
32,256,2,pool,8.13120008e-05
32,256,3,conv2,0.000479263991
32,256,4,relu2,3.06880008e-05
32,256,5,conv3,0.000196608007
32,256,6,relu3,9.8240003e-06
32,256,7,conv4,9.95839983e-05
32,256,8,relu4,2.50560008e-05
32,256,9,conv5,0.00047104001
32,256,10,relu5,7.2639999e-06
32,256,11,conv6,0.00100764799
32,256,12,relu6,1.31839998e-05
32,256,13,gap,3.28640006e-05
32,256,14,fc1,4.21440005e-05
32,256,15,relu7,5.08800009e-06
32,256,16,fc2,2.17920002e-05
32,16,0,conv1,8.88319984e-05
32,16,1,relu1,4.05759998e-05
32,16,2,pool,4.54399996e-05
32,16,3,conv2,0.000138016
32,16,4,relu2,4.09599999e-06
32,16,5,conv3,6.47680014e-05
32,16,6,relu3,2.61439998e-05
32,16,7,conv4,5.52960001e-05
32,16,8,relu4,3.42399999e-05
32,16,9,conv5,0.000166464001
32,16,10,relu5,4.09599999e-06
32,16,11,conv6,2.3968e-05
32,16,12,relu6,3.96799995e-06
32,16,13,gap,3.30559984e-05
32,16,14,fc1,8.8064e-05
32,16,15,relu7,3.83040011e-05
32,16,16,fc2,6.09919988e-05
64,4,0,conv1,0.000124127999
64,4,1,relu1,5.5647999e-05
64,4,2,pool,6.31999969e-05
64,4,3,conv2,0.000203840002
64,4,4,relu2,4.95040007e-05
64,4,5,conv3,8.86399969e-05
64,4,6,relu3,4.91520017e-05
64,4,7,conv4,7.79519975e-05
64,4,8,relu4,4.64960001e-05
64,4,9,conv5,0.000177343994
64,4,10,relu5,4.09599999e-06
64,4,11,conv6,3.87520008e-05
64,4,12,relu6,5.04960008e-05
64,4,13,gap,6.96320012e-05
64,4,14,fc1,0.000106080003
64,4,15,relu7,4.79359999e-05
64,4,16,fc2,8.00639987e-05
128,98,0,conv1,0.0057978878
128,98,1,relu1,0.000428544015
128,98,2,pool,0.000433952004
128,98,3,conv2,0.002233248
128,98,4,relu2,0.000212991998
128,98,5,conv3,0.000868224025
128,98,6,relu3,0.000110720001
128,98,7,conv4,0.00044649601
128,98,8,relu4,0.000218112007
128,98,9,conv5,0.001828192
128,98,10,relu5,5.09440005e-05
128,98,11,conv6,0.000407808006
128,98,12,relu6,0.000111199997
128,98,13,gap,0.000112640001
128,98,14,fc1,3.17759998e-05
128,98,15,relu7,6.01600017e-06
128,98,16,fc2,2.04479992e-05
224,32,0,conv1,0.00149440002
224,32,1,relu1,0.000432576001
224,32,2,pool,0.000479680002
224,32,3,conv2,0.002036448
224,32,4,relu2,0.000212671995
224,32,5,conv3,0.00102623999
224,32,6,relu3,0.000109824002
224,32,7,conv4,0.000503328025
224,32,8,relu4,0.000216447994
224,32,9,conv5,0.00203225589
224,32,10,relu5,5.24480008e-05
224,32,11,conv6,0.000464928001
224,32,12,relu6,0.00011056
224,32,13,gap,7.63840005e-05
224,32,14,fc1,2.42240001e-05
224,32,15,relu7,6.14400022e-06
224,32,16,fc2,2.23040003e-05
352,64,0,conv1,0.00826595211
352,64,1,relu1,0.00211305594
352,64,2,pool,0.00259686399
352,64,3,conv2,0.00873423958
352,64,4,relu2,0.00105763197
352,64,5,conv3,0.00551763201
352,64,6,relu3,0.000533312023
352,64,7,conv4,0.00276191998
352,64,8,relu4,0.00105884802
352,64,9,conv5,0.011446784
352,64,10,relu5,0.000261471987
352,64,11,conv6,0.00260505605
352,64,12,relu6,0.000532032013
352,64,13,gap,0.000274975985
352,64,14,fc1,3.05599999e-05
352,64,15,relu7,6.176e-06
352,64,16,fc2,2.45760009e-05
48,128,0,conv1,0.00108220804
48,128,1,relu1,7.74720013e-05
48,128,2,pool,9.11040008e-05
48,128,3,conv2,0.000486528009
48,128,4,relu2,4.03839983e-05
48,128,5,conv3,0.000196896002
48,128,6,relu3,1.01760002e-05
48,128,7,conv4,0.0001008
48,128,8,relu4,3.29920016e-05
48,128,9,conv5,0.000411648005
48,128,10,relu5,7.87200034e-06
48,128,11,conv6,0.000529824018
48,128,12,relu6,1.68639999e-05
48,128,13,gap,3.64160016e-05
48,128,14,fc1,2.92799994e-05
48,128,15,relu7,6.01600017e-06
48,128,16,fc2,1.84000004e-05
512,167,0,conv1,0.178733887
512,167,1,relu1,0.0116469765
512,167,2,pool,0.0121159678
512,167,3,conv2,0.0483795509
512,167,4,relu2,0.00582617617
512,167,5,conv3,0.0320245438
512,167,6,relu3,0.00292044806
512,167,7,conv4,0.013508256
512,167,8,relu4,0.00583360004
512,167,9,conv5,0.0575381775
512,167,10,relu5,0.00145187199
512,167,11,conv6,0.0142629442
512,167,12,relu6,0.00291494393
512,167,13,gap,0.00133331203
512,167,14,fc1,5.20000011e-05
512,167,15,relu7,6.84799999e-06
512,167,16,fc2,2.70399991e-05
112,64,0,conv1,0.000780287981
112,64,1,relu1,0.000217887998
112,64,2,pool,0.000237568006
112,64,3,conv2,0.00131222403
112,64,4,relu2,0.000111135997
112,64,5,conv3,0.00056726402
112,64,6,relu3,5.59360012e-05
112,64,7,conv4,0.000257856011
112,64,8,relu4,0.000110431999
112,64,9,conv5,0.00107151997
112,64,10,relu5,1.84320007e-05
112,64,11,conv6,0.000256448001
112,64,12,relu6,5.16799986e-05
112,64,13,gap,7.6191999e-05
112,64,14,fc1,2.44800001e-05
112,64,15,relu7,5.95200015e-06
112,64,16,fc2,1.97119992e-05
512,98,0,conv1,0.105771713
512,98,1,relu1,0.00683625603
512,98,2,pool,0.00767385578
512,98,3,conv2,0.0304794559
512,98,4,relu2,0.00341974401
512,98,5,conv3,0.0177312317
512,98,6,relu3,0.001714432
512,98,7,conv4,0.00804448032
512,98,8,relu4,0.00342438412
512,98,9,conv5,0.0333721619
512,98,10,relu5,0.000850655973
512,98,11,conv6,0.00808326435
512,98,12,relu6,0.00171462405
512,98,13,gap,0.000792544007
512,98,14,fc1,3.83360013e-05
512,98,15,relu7,6.56000013e-06
512,98,16,fc2,2.25600004e-05
128,64,0,conv1,0.000858143985
128,64,1,relu1,0.000284384012
128,64,2,pool,0.000272415996
128,64,3,conv2,0.00126614404
128,64,4,relu2,0.000137439996
128,64,5,conv3,0.000647167981
128,64,6,relu3,7.37280026e-05
128,64,7,conv4,0.000283679992
128,64,8,relu4,0.000143360004
128,64,9,conv5,0.00138444805
128,64,10,relu5,2.97599994e-05
128,64,11,conv6,0.000305023998
128,64,12,relu6,7.04960003e-05
128,64,13,gap,7.53279999e-05
128,64,14,fc1,2.30400003e-05
128,64,15,relu7,5.4080002e-06
128,64,16,fc2,1.90079994e-05
64,8,0,conv1,8.54080021e-05
64,8,1,relu1,3.39520015e-05
64,8,2,pool,4.16000001e-05
64,8,3,conv2,0.000102367997
64,8,4,relu2,2.47680005e-05
64,8,5,conv3,0.000108576
64,8,6,relu3,4.35200008e-06
64,8,7,conv4,4.51200008e-05
64,8,8,relu4,3.12639996e-05
64,8,9,conv5,0.000183967993
64,8,10,relu5,4.09599999e-06
64,8,11,conv6,2.51199994e-05
64,8,12,relu6,4.09599999e-06
64,8,13,gap,2.63679996e-05
64,8,14,fc1,0.000100032002
64,8,15,relu7,3.50079983e-05
64,8,16,fc2,5.45280017e-05
224,64,0,conv1,0.00317846394
224,64,1,relu1,0.000859968007
224,64,2,pool,0.00102217603
224,64,3,conv2,0.00418991995
224,64,4,relu2,0.000427648008
224,64,5,conv3,0.0021545279
224,64,6,relu3,0.000218912005
224,64,7,conv4,0.001015136
224,64,8,relu4,0.000432128012
224,64,9,conv5,0.00407344007
224,64,10,relu5,0.000110592
224,64,11,conv6,0.000997407973
224,64,12,relu6,0.000219168007
224,64,13,gap,0.00013312
224,64,14,fc1,2.88960002e-05
224,64,15,relu7,6.176e-06
224,64,16,fc2,2.37119999e-05
48,98,0,conv1,0.000954335988
48,98,1,relu1,5.93920015e-05
48,98,2,pool,7.15520009e-05
48,98,3,conv2,0.000354591995
48,98,4,relu2,1.91360004e-05
48,98,5,conv3,0.000174400002
48,98,6,relu3,8.63999967e-06
48,98,7,conv4,7.59359971e-05
48,98,8,relu4,1.65439993e-05
48,98,9,conv5,0.000388671994
48,98,10,relu5,7.2639999e-06
48,98,11,conv6,0.000377759993
48,98,12,relu6,1.088e-05
48,98,13,gap,2.86720004e-05
48,98,14,fc1,2.84160003e-05
48,98,15,relu7,5.4080002e-06
48,98,16,fc2,1.70879997e-05
112,1,0,conv1,8.19199979e-05
112,1,1,relu1,3.64799984e-05
112,1,2,pool,4.21440005e-05
112,1,3,conv2,0.000152416006
112,1,4,relu2,6.14400022e-06
112,1,5,conv3,6.96320012e-05
112,1,6,relu3,3.27679999e-05
112,1,7,conv4,6.21440001e-05
112,1,8,relu4,3.15839984e-05
112,1,9,conv5,0.000276127994
112,1,10,relu5,3.93600017e-06
112,1,11,conv6,1.31200003e-05
112,1,12,relu6,4.09599999e-06
112,1,13,gap,8.19199998e-06
112,1,14,fc1,1.3824e-05
112,1,15,relu7,3.24480012e-05
112,1,16,fc2,5.03679998e-05
128,32,0,conv1,0.000491551995
128,32,1,relu1,0.000143360004
128,32,2,pool,0.000149504006
128,32,3,conv2,0.000882687986
128,32,4,relu2,7.34400004e-05
128,32,5,conv3,0.000380160004
128,32,6,relu3,2.86720004e-05
128,32,7,conv4,0.000170719996
128,32,8,relu4,7.03039989e-05
128,32,9,conv5,0.000761407971
128,32,10,relu5,1.02399997e-05
128,32,11,conv6,0.000174208
128,32,12,relu6,2.65280008e-05
128,32,13,gap,4.0959999e-05
128,32,14,fc1,2.18880009e-05
128,32,15,relu7,5.91999991e-06
128,32,16,fc2,2.04799995e-05
352,4,0,conv1,0.000448511988
352,4,1,relu1,0.000136160001
352,4,2,pool,0.000132799998
352,4,3,conv2,0.000760255992
352,4,4,relu2,6.94079995e-05
352,4,5,conv3,0.000321280003
352,4,6,relu3,2.66239997e-05
352,4,7,conv4,0.000137728006
352,4,8,relu4,7.11039975e-05
352,4,9,conv5,0.000831488013
352,4,10,relu5,9.56800021e-06
352,4,11,conv6,0.000162463993
352,4,12,relu6,2.45760009e-05
352,4,13,gap,1.71520002e-05
352,4,14,fc1,1.1744e-05
352,4,15,relu7,4.76799998e-06
352,4,16,fc2,8.03199969e-06
384,2,0,conv1,0.000311295986
384,2,1,relu1,8.28479975e-05
384,2,2,pool,8.60159993e-05
384,2,3,conv2,0.000491423994
384,2,4,relu2,3.89119983e-05
384,2,5,conv3,0.000182272002
384,2,6,relu3,1.02399997e-05
384,2,7,conv4,9.14560035e-05
384,2,8,relu4,4.18559983e-05
384,2,9,conv5,0.000463712007
384,2,10,relu5,7.80799985e-06
384,2,11,conv6,9.89440009e-05
384,2,12,relu6,1.0272e-05
384,2,13,gap,1.25120003e-05
384,2,14,fc1,1.06560001e-05
384,2,15,relu7,5.76000009e-06
384,2,16,fc2,7.77600007e-06
32,1,0,conv1,0.000122911997
32,1,1,relu1,6.37120008e-05
32,1,2,pool,6.7648001e-05
32,1,3,conv2,0.000171616003
32,1,4,relu2,7.04960003e-05
32,1,5,conv3,0.000103840001
32,1,6,relu3,5.29920012e-05
32,1,7,conv4,0.000113343999
32,1,8,relu4,5.91039993e-05
32,1,9,conv5,0.000193023995
32,1,10,relu5,3.96799995e-06
32,1,11,conv6,7.16800019e-05
32,1,12,relu6,5.74080013e-05
32,1,13,gap,7.98079967e-05
32,1,14,fc1,0.000121887997
32,1,15,relu7,5.99679984e-05
32,1,16,fc2,9.08479989e-05
512,8,0,conv1,0.00180841601
512,8,1,relu1,0.000563199997
512,8,2,pool,0.000591359973
512,8,3,conv2,0.00329875207
512,8,4,relu2,0.000283232003
512,8,5,conv3,0.00128502405
512,8,6,relu3,0.000142976001
512,8,7,conv4,0.000577120006
512,8,8,relu4,0.000284191996
512,8,9,conv5,0.00258777595
512,8,10,relu5,6.5952003e-05
512,8,11,conv6,0.000547648013
512,8,12,relu6,0.000143327996
512,8,13,gap,8.60159993e-05
512,8,14,fc1,1.69600006e-05
512,8,15,relu7,6.0800002e-06
512,8,16,fc2,1.07199997e-05
64,1,0,conv1,7.78239965e-05
64,1,1,relu1,3.62240002e-05
64,1,2,pool,4.0959999e-05
64,1,3,conv2,0.000147008002
64,1,4,relu2,4.22400003e-06
64,1,5,conv3,6.14399984e-05
64,1,6,relu3,1.77280009e-05
64,1,7,conv4,5.53600006e-05
64,1,8,relu4,2.94720009e-05
64,1,9,conv5,0.000165664002
64,1,10,relu5,4.03199997e-06
64,1,11,conv6,1.39199998e-05
64,1,12,relu6,4.09599999e-06
64,1,13,gap,4.70080003e-05
64,1,14,fc1,8.8064e-05
64,1,15,relu7,3.40799987e-05
64,1,16,fc2,5.19360006e-05
352,1,0,conv1,0.000169791996
352,1,1,relu1,1.94559991e-05
352,1,2,pool,3.70239988e-05
352,1,3,conv2,0.000233792007
352,1,4,relu2,8.63999967e-06
352,1,5,conv3,0.000108543999
352,1,6,relu3,7.42400018e-06
352,1,7,conv4,4.56640013e-05
352,1,8,relu4,8.41599982e-06
352,1,9,conv5,0.000220576003
352,1,10,relu5,6.04799995e-06
352,1,11,conv6,4.55360003e-05
352,1,12,relu6,6.4960001e-06
352,1,13,gap,1.02399997e-05
352,1,14,fc1,9.27999988e-06
352,1,15,relu7,4.96000005e-06
352,1,16,fc2,7.71200005e-06
400,32,0,conv1,0.00537577581
400,32,1,relu1,0.00136806405
400,32,2,pool,0.00165481603
400,32,3,conv2,0.00551254416
400,32,4,relu2,0.000681984007
400,32,5,conv3,0.00354499197
400,32,6,relu3,0.000344608009
400,32,7,conv4,0.00169577599
400,32,8,relu4,0.000686047971
400,32,9,conv5,0.00723510408
400,32,10,relu5,0.000169952005
400,32,11,conv6,0.00164633596
400,32,12,relu6,0.000344063997
400,32,13,gap,0.000194848001
400,32,14,fc1,2.66559999e-05
400,32,15,relu7,6.14400022e-06
400,32,16,fc2,2.46079993e-05
128,4,0,conv1,0.000114528
128,4,1,relu1,1.04e-05
128,4,2,pool,4.08000015e-05
128,4,3,conv2,0.000165248007
128,4,4,relu2,6.04799995e-06
128,4,5,conv3,8.47679973e-05
128,4,6,relu3,5.76000009e-06
128,4,7,conv4,3.04000005e-05
128,4,8,relu4,6.11199997e-06
128,4,9,conv5,0.000194112003
128,4,10,relu5,4.54400014e-06
128,4,11,conv6,4.7104001e-05
128,4,12,relu6,5.43999998e-06
128,4,13,gap,1.09440004e-05
128,4,14,fc1,5.32479994e-05
128,4,15,relu7,3.28960009e-05
128,4,16,fc2,5.05920015e-05
128,2,0,conv1,8.8064e-05
128,2,1,relu1,3.88480015e-05
128,2,2,pool,4.40960005e-05
128,2,3,conv2,0.000103423998
128,2,4,relu2,1.65119991e-05
128,2,5,conv3,8.42560008e-05
128,2,6,relu3,2.87679993e-05
128,2,7,conv4,6.75840005e-05
128,2,8,relu4,3.44959982e-05
128,2,9,conv5,0.000180480003
128,2,10,relu5,4.09599999e-06
128,2,11,conv6,2.46719997e-05
128,2,12,relu6,1.21919997e-05
128,2,13,gap,4.79359999e-05
128,2,14,fc1,9.21600014e-05
128,2,15,relu7,3.68640013e-05
128,2,16,fc2,5.52960001e-05
400,167,0,conv1,0.117915619
400,167,1,relu1,0.007112288
400,167,2,pool,0.0078887682
400,167,3,conv2,0.0292765121
400,167,4,relu2,0.00355654407
400,167,5,conv3,0.0188641281
400,167,6,relu3,0.00177968001
400,167,7,conv4,0.00903376007
400,167,8,relu4,0.00355644798
400,167,9,conv5,0.0374117432
400,167,10,relu5,0.000886720002
400,167,11,conv6,0.00910547161
400,167,12,relu6,0.00177987194
400,167,13,gap,0.000890879989
400,167,14,fc1,5.40799983e-05
400,167,15,relu7,6.20799977e-06
400,167,16,fc2,2.83519998e-05
48,2,0,conv1,0.000103455998
48,2,1,relu1,4.39359993e-05
48,2,2,pool,5.04000001e-05
48,2,3,conv2,0.000202240005
48,2,4,relu2,4.09599999e-06
48,2,5,conv3,3.82080004e-05
48,2,6,relu3,3.54560018e-05
48,2,7,conv4,6.98880032e-05
48,2,8,relu4,3.7055999e-05
48,2,9,conv5,0.000170144007
48,2,10,relu5,4.09599999e-06
48,2,11,conv6,2.05119997e-05
48,2,12,relu6,1.6384e-05
48,2,13,gap,5.73440008e-05
48,2,14,fc1,9.45919976e-05
48,2,15,relu7,3.78560014e-05
48,2,16,fc2,6.12480007e-05
256,95,0,conv1,0.0235320969
256,95,1,relu1,0.00166185606
256,95,2,pool,0.00201932812
256,95,3,conv2,0.00718435192
256,95,4,relu2,0.000827488005
256,95,5,conv3,0.00419766378
256,95,6,relu3,0.000417984009
256,95,7,conv4,0.00196335995
256,95,8,relu4,0.000833536029
256,95,9,conv5,0.00854812813
256,95,10,relu5,0.00020848
256,95,11,conv6,0.00198863995
256,95,12,relu6,0.000417791992
256,95,13,gap,0.000212863997
256,95,14,fc1,3.84000018e-05
256,95,15,relu7,6.27199979e-06
256,95,16,fc2,2.25920007e-05
48,256,0,conv1,0.00220774388
48,256,1,relu1,0.000156800002
48,256,2,pool,0.000176128
48,256,3,conv2,0.000935487986
48,256,4,relu2,8.17599967e-05
48,256,5,conv3,0.000387679994
48,256,6,relu3,3.62240002e-05
48,256,7,conv4,0.000197888002
48,256,8,relu4,8.04480016e-05
48,256,9,conv5,0.000765951991
48,256,10,relu5,1.22880004e-05
48,256,11,conv6,0.001031232
48,256,12,relu6,4.09919992e-05
48,256,13,gap,7.11039975e-05
48,256,14,fc1,4.09279987e-05
48,256,15,relu7,6.14400022e-06
48,256,16,fc2,2.25280002e-05
352,98,0,conv1,0.0528486404
352,98,1,relu1,0.00323379207
352,98,2,pool,0.0035075841
352,98,3,conv2,0.0137878084
352,98,4,relu2,0.00161587203
352,98,5,conv3,0.0077226882
352,98,6,relu3,0.000813055992
352,98,7,conv4,0.00382156801
352,98,8,relu4,0.00162403202
352,98,9,conv5,0.0169840965
352,98,10,relu5,0.000403360009
352,98,11,conv6,0.00386668801
352,98,12,relu6,0.000813088
352,98,13,gap,0.000407519996
352,98,14,fc1,3.80159989e-05
352,98,15,relu7,7.36000016e-06
352,98,16,fc2,2.25920007e-05
