S,B,is_validation,status,latency_s,latency_p10_s,latency_p90_s,n_latency,memory_bytes,mem_before_bytes,energy_J,avg_power_W,n_energy,flops_counted,sm_clock_MHz,temp_C
64,95,1,ok,0.0036523569999928895,0.003606199600005766,0.0039374858000030604,173,60342272,18399232,0.2489347826086953,68.51787137130798,552,6921861120,1230,53
32,167,1,ok,0.002794350000002055,0.0027621898000006694,0.0028694958000130555,200,72546816,15781888,0.19020694444444455,68.34359948776536,720,3081222144,1290,54
128,1,0,ok,0.0006478114999879381,0.0006294119000102682,0.000832549399990512,200,24412160,13926400,0.03800826210826201,66.58370524021036,3510,290506752,1590,55
352,128,1,ok,0.11642747049999969,0.11560942420000231,0.11705025410000189,10,1418821632,204570624,7.771809523809506,65.9480515623553,21,280947326976,915,56
400,8,1,ok,0.006682078999986629,0.006595174499989298,0.006713613599995938,154,102244352,29089792,0.4496184210526307,67.50719502267694,304,22673866752,1035,57
224,256,0,ok,0.09891169800002331,0.09784077399999092,0.09985333200000923,11,1292992512,168919040,6.784458333333343,67.50708646443412,24,227591847936,885,59
48,95,1,ok,0.0022070079999991776,0.0021895569000008664,0.0022362053999984257,200,53182464,16356352,0.14802065217391314,67.68530743993826,920,3906570240,1200,60
48,64,1,ok,0.0011760965000036094,0.001120863299991015,0.0012558529000017415,200,23822336,15499264,0.07722317351598178,67.21732478302502,1752,2631794688,1275,61
224,98,1,ok,0.039411165999993614,0.038854012499996315,0.040159077500007356,26,549808128,72736768,2.6575178571428557,66.77450909244835,56,87125004288,990,62
48,32,1,ok,0.00073886699999548,0.0007257804000062151,0.0007670916000051875,200,18743296,14614528,0.047130602240896206,67.1579395130905,2856,1315897344,1320,63
224,167,1,ok,0.06884381300000086,0.06745958040000347,0.06997281080001017,15,877756416,114393088,4.665249999999986,67.06557436938284,32,148468119552,870,64
352,167,1,ok,0.16492837799998483,0.1623896545999884,0.16675152680000735,10,1902612480,262033408,10.961374999999975,66.31942900873595,16,366548465664,795,66
400,4,1,ok,0.0035100164999732897,0.0034730279000143582,0.00354289740000695,200,57741312,21409792,0.23048630136986192,66.64050561605644,584,11336933376,975,67
112,98,1,ok,0.011689746000001833,0.01162441500003979,0.01183598819997087,85,175921152,28481536,0.7755459770114925,65.11095662845592,174,21804281856,975,67
128,167,1,ok,0.021898169499991127,0.02154903650000506,0.022647418500014282,46,297500672,47284224,1.4837604166666647,67.0982654882388,96,48514627584,900,68
48,1,1,ok,0.0005341149999935624,0.000501636400008465,0.0006076249000045664,200,14255616,13757440,0.024859587317564033,49.32744190957,3974,41121792,1590,67
512,64,0,ok,0.08590655049999896,0.08511419370000795,0.08813168780004617,12,1553596416,215056384,5.900708333333303,68.43185999680824,24,297178103808,825,70
384,16,0,ok,0.012578433999976824,0.012289699000007204,0.012843447000022934,81,227639296,43089920,0.8415624999999978,66.70698830395612,160,41792864256,855,70
256,16,0,ok,0.005701088999956028,0.005495800999995026,0.005891219999966779,181,119316480,26312704,0.3817301136363627,66.91009001159732,352,18577391616,915,70
48,16,1,ok,0.0006362590000037471,0.0005417867000119259,0.0006605737000199951,200,16236544,14172160,0.03269795719844351,66.93167709343388,4112,657948672,1440,70
32,128,0,ok,0.0022977959999934683,0.002273067399994488,0.00234363839996945,200,59342848,15302656,0.15181590909090903,66.41530401132138,880,2361655296,1155,70
224,95,1,ok,0.039236816499993665,0.03853454999998007,0.040586786999995184,26,491986944,70930432,2.6371785714285676,66.4012154261339,56,84457912320,1050,70
48,4,1,ok,0.0009870075000151246,0.0007758652000063648,0.0014432042000237287,200,14356480,13840384,0.034061946902654676,57.6528208332178,3390,164487168,1590,70
400,16,1,ok,0.013731491000015694,0.013552841900008161,0.014032832600003075,74,259096576,45187072,0.9266315789473681,67.05580974376907,152,45347733504,825,71
512,95,1,ok,0.19467793949999646,0.19351067489998286,0.19578025389999426,10,2314448896,313622528,12.874307692307692,65.1030923703985,13,441123747840,1065,71
512,256,0,ok,0.541542738000004,0.5381902877999778,0.5451160037000079,10,6169042944,819036160,36.696500000000015,66.9717027955651,6,1188712415232,600,73
32,32,0,ok,0.0007082664999984445,0.0006878023000354005,0.0007371464000073047,200,15958016,14123008,0.03918200349446694,67.17446322573413,3434,590413824,1410,75
400,2,1,ok,0.0019965330000104586,0.0019841377000034298,0.002049005199990006,200,35489792,17569792,0.12954589843750064,66.03876149673683,1024,5668466688,915,76
512,32,0,ok,0.047230361499970286,0.0466709462999745,0.04814948169998843,22,784355328,114393088,3.1693541666666456,66.01902567648177,48,148589051904,690,77
256,64,0,ok,0.02543657749998829,0.024949755699998376,0.025887626400003683,40,431923200,64061440,1.6552874999999858,64.46172982337941,80,74309566464,675,78
224,4,0,ok,0.0014346900000248297,0.0014201134000245475,0.0014795154999717396,200,27377664,16138240,0.09057569444444451,64.93339915930072,1440,3556122624,1035,79
224,1,0,ok,0.0005713750000211348,0.0005374890999803484,0.0007011262999924384,200,18699776,14331904,0.04304456733897186,66.0298247205449,3074,889030656,1425,80
256,256,0,ok,0.15968380100002832,0.15801569469999777,0.1613759412999741,10,1683062784,215056384,10.612250000000017,65.29976290812641,16,297238265856,615,81
256,98,1,ok,0.06380989650000402,0.06284882050002238,0.06491203950000113,16,713072640,91324416,4.089031249999948,63.592144161780034,32,113786523648,630,81
384,4,0,ok,0.0038034495000260904,0.003518322099972693,0.007988989799991941,200,53837824,20807680,0.2558476562499976,64.80976724128094,512,10448216064,840,81
64,2,0,ok,0.0006168945000126769,0.0005671147000100518,0.0006817463999709616,200,24117248,13828096,0.04013755199049346,67.45100639811766,3366,145723392,1530,81
112,16,1,ok,0.0014860404999978982,0.001452381499996136,0.0015982914999824517,200,27377664,16138240,0.09343534482758613,64.81783934054917,1392,3559882752,1035,79
112,256,1,ok,0.03634696299999973,0.03544650750002916,0.03733228740000527,28,396533760,52264960,2.3540000000000094,65.49297603755109,56,56958124032,720,78
512,128,0,ok,0.29634279150002385,0.29398283810000975,0.29980613030000425,10,3092348928,416382976,18.991375000000062,64.17763166087319,8,594356207616,705,77
352,8,1,ok,0.006177148000006127,0.006086621999997988,0.006328607000000375,161,82739200,26312704,0.4038231707317065,65.03369788071029,328,17559207936,915,76
64,128,0,ok,0.005249937999963095,0.005204622999985986,0.005293567399996845,189,76644352,20021248,0.3507101063829744,65.40271880709417,376,9326297088,960,76
512,1,0,ok,0.0016745120000223324,0.0016077467999991769,0.0018332887000042319,200,32210944,16875520,0.10623944805194856,65.22960556776763,1232,4643407872,1005,76
352,256,1,ok,0.2805827230000091,0.27984154680002005,0.28282484580000755,10,2819719168,395411456,18.233874999999898,64.90395562959738,8,561894653952,660,75
64,32,0,ok,0.0010221720000345158,0.0009940803999995752,0.001276286999984677,200,22642688,15302656,0.06468101761252472,65.97332610519584,2044,2331574272,1215,76
512,4,0,ok,0.006172226999979102,0.006083981200004018,0.006281055199997354,165,85032960,26312704,0.4252560975609712,68.55489271463381,328,18573631488,900,75
128,95,1,ok,0.013325603000026831,0.013136928499989153,0.013477619999974877,76,171024384,32604160,0.8739144736842167,65.11747180638977,152,27598141440,780,75
256,32,0,ok,0.012304098500010241,0.011991374799998766,0.012501445899999908,84,223518720,38895616,0.7895238095238168,64.27843946768307,168,37154783232,720,76
400,64,1,ok,0.06069009599997344,0.060271105200001784,0.06105297859999155,17,983007232,137461760,3.979175000000032,65.11508894888297,40,181390934016,675,76
352,95,1,ok,0.10477181050003992,0.10377935589998515,0.1063155855999753,10,1063047168,154980352,6.929956521739175,65.51104935571297,23,208515594240,675,77
256,4,0,ok,0.0016951464999976906,0.0016698429000200576,0.001827346399994667,200,32210944,16875520,0.10831291390728523,65.21223168089476,1208,4644347904,1020,77
128,8,0,ok,0.0010865200000296227,0.0010484293999979855,0.0011324881000120968,200,22642688,15302656,0.06808973029045645,65.23778454127624,1928,2324054016,1230,77
384,256,0,ok,0.3422260460000075,0.3396273683999823,0.3447804498999744,10,3384287232,466714624,22.20662500000026,64.55815522853226,8,668685828096,585,78
112,4,1,ok,0.0006390085000020918,0.000607802900032084,0.0006647395000015877,200,18698752,14331904,0.03903028521023288,66.26050342128046,3401,889970688,1350,78
400,95,1,ok,0.14108418849997406,0.14080238190002206,0.14163654720002228,10,1459593216,196182016,9.07662500000015,64.12060495475977,16,269252167680,630,78
512,16,0,ok,0.02439408850000291,0.023962945099998478,0.024800240700017184,42,399734784,64061440,1.5744659090909077,64.76888505884332,88,74294525952,705,78
32,98,1,ok,0.0020186435000084657,0.0019660223999721895,0.002121205399981818,200,48417792,14934016,0.13012003968253974,65.09232471645454,1008,1808142336,1110,78
32,8,0,ok,0.000542271499995195,0.0004989246999969055,0.0005845221999663863,200,19537920,13828096,0.03218743641912551,63.1324309956171,3932,147603456,1590,78
352,2,1,ok,0.001744620500005567,0.0017071702000464484,0.0018417822999992949,200,30580736,16703488,0.11044801352493648,64.77174894220656,1183,4389801984,1005,77
256,167,1,ok,0.10094368900001882,0.09953868099995589,0.10136007199997721,11,1142464512,145850368,6.615583333333386,65.43960611501566,24,193901524992,735,77
256,128,0,ok,0.0739156154999705,0.07319376230000216,0.07464448389997642,14,848732160,114393088,4.750375000000076,63.58441115098128,32,148619132928,690,77
352,32,1,ok,0.023758553999982723,0.023263072600013857,0.024200452200022936,43,366837760,61964288,1.579147727272729,66.4154708167603,88,70236831744,720,77
512,2,0,ok,0.0032124575000125333,0.003112492600013184,0.00324824030000741,200,49381376,20021248,0.20560937500000023,65.26908469028326,640,9286815744,960,77
384,1,0,ok,0.001025479499986659,0.00101696669996727,0.0011227898999550234,200,23822336,15499264,0.06170500743678677,61.99299359877341,2017,2612054016,1035,77
64,256,0,ok,0.010460522500011393,0.010270621000017854,0.01063437300001624,96,138272768,26312704,0.6906510416666644,65.61422128663837,192,18652594176,960,76
112,32,1,ok,0.00274687600000334,0.0026738954999700583,0.00277261210000006,200,41025536,18546688,0.17351196808510608,64.66911227534733,752,7119765504,945,76
384,64,0,ok,0.05562014200000931,0.054319251399999754,0.05664439579999225,19,857407488,126976000,3.6246249999999236,65.15139809631242,40,167171457024,675,76
112,167,1,ok,0.022824979999995776,0.022486834800008636,0.02377081460000454,45,273721344,38895616,1.5109772727272768,66.17506130061788,88,37156276224,765,76
48,8,1,ok,0.0005595155000150953,0.0005420288000209439,0.0005947257999650901,200,14983168,13950976,0.033444171779141066,68.03067644643428,4075,328974336,1530,77
32,4,0,ok,0.0005007335000186686,0.0004766710000069452,0.0005428560999916954,200,19095552,13778944,0.03695150339476271,57.045147175379945,3093,73801728,1590,76
224,8,0,ok,0.0026530849999915063,0.002601913199981709,0.0027253529999882176,200,41025536,18546688,0.17219791666667086,65.62723829485329,768,7112245248,900,77
256,2,0,ok,0.0009325694999802181,0.000915017400029683,0.0010265877000335878,200,22906880,15302656,0.05794813829787385,65.18527526206756,2256,2322173952,1065,77
400,1,1,ok,0.0010651859999768476,0.0010314363999782473,0.0011231056999974954,200,24609792,15649792,0.06563957597173291,64.75968640673717,1981,2834233344,975,77
48,167,1,ok,0.004365564499977381,0.004305010899958006,0.004452492899991967,200,82222592,18347008,0.2822586206896568,65.05749112279841,464,6867339264,960,77
256,1,0,ok,0.0007312194999826716,0.0006539039999836404,0.0009086571000068488,200,19499008,14516224,0.05007908545727166,66.69739755835985,2668,1161086976,1215,77
400,98,1,ok,0.1483158640000397,0.14771348019991137,0.14925433570000451,10,1628536832,202473472,9.907187499999964,66.35214673349287,16,277754867712,645,77
112,95,1,ok,0.01262849499994445,0.01227884999991602,0.013068574000044464,81,158633984,28409856,0.8282187500000191,65.78940986198893,160,21136803840,780,77
128,16,0,ok,0.0017506025000670888,0.001644042899977194,0.001858324099987385,200,32210944,16875520,0.11111120543293651,65.26177583799388,1178,4648108032,1005,77
384,128,0,ok,0.1644980200000532,0.16345830179999438,0.166543495000019,10,1699840000,240222208,10.727062500000102,64.43469906751274,16,334342914048,660,77
384,98,1,ok,0.13131147299998247,0.1305456336999896,0.13194576999998162,10,1415464960,187793408,8.677625000000035,65.53172959482347,16,255981293568,675,77
224,128,0,ok,0.05895735500007504,0.05840057579996483,0.059511544400038474,17,655458304,91324416,3.9811499999999795,66.94664581907365,40,113795923968,705,77
112,8,1,ok,0.0009267535000390126,0.0008940424000002167,0.001022325799931423,200,20553728,14934016,0.058127264692886114,65.58144287286663,2263,1779941376,1200,77
64,98,1,ok,0.004308241499984433,0.004277145100070356,0.004344380800034742,200,61664256,18546688,0.28172844827586546,64.88871904109678,464,7140446208,930,77
64,64,0,ok,0.0017528859999629276,0.0017270544999860248,0.0018538899999612111,200,32210944,16875520,0.11280517241379255,65.28363921735328,1160,4663148544,1035,77
112,2,1,ok,0.0009734454999943409,0.0007823010999914004,0.0011305981999839786,200,24725504,14030848,0.046555478260870115,66.82623578375473,2875,444985344,1515,78
384,8,0,ok,0.007432204999986425,0.007235871599948496,0.007480339799974445,140,95125504,28409856,0.48608088235294095,65.336670591872,272,20896432128,810,77
224,16,0,ok,0.00525560799997038,0.005175326199946539,0.005352141800017307,199,68780032,23822336,0.34362239583333576,64.87720814603503,384,14224490496,810,77
256,8,0,ok,0.0033893004999185905,0.003310641000018677,0.0034206724000569013,200,49381376,20021248,0.2156766169154227,64.61153124526648,603,9288695808,975,77
32,95,1,ok,0.0019428415000106725,0.0019124991000126102,0.0020113087000027006,200,47370240,14897152,0.1257738549618335,65.63980000120458,1048,1752791040,1125,77
384,95,1,ok,0.122159436000004,0.12172514530002446,0.12475199139998949,10,1273507840,181829632,8.269549999999981,67.02875835014457,20,248145131520,690,77
128,128,0,ok,0.018280115000038677,0.018001179199973193,0.01878373960000772,55,223518720,38895616,1.1829464285714104,64.07174215249447,112,37184864256,810,77
64,16,0,ok,0.0007248260000665141,0.0006673897000382567,0.0008132255000191435,200,19497472,14516224,0.04586728714236522,66.41161119545993,2901,1165787136,1290,77
384,32,0,ok,0.027531618000011804,0.027141470000015034,0.027884472999994615,37,436260864,70352896,1.8198124999999892,66.10327347129044,80,83585728512,705,77
32,64,0,ok,0.0009045565000178613,0.0008802844000342702,0.0009717978000026051,200,18186240,14516224,0.0537770618556698,62.458598347753714,2328,1180827648,1215,77
400,256,1,ok,0.37780826150003577,0.37477524090000996,0.38227578199995377,10,3883048960,505249792,24.76324999999997,65.34323036146426,8,725563736064,525,76
400,128,1,ok,0.18579316099999232,0.18425438609999673,0.1865671496999653,10,1948557312,259489792,12.283642857142695,65.84931532208378,14,362781868032,705,76
64,167,1,ok,0.007266282999921714,0.007129743400014377,0.007423606199995447,139,95119872,21938176,0.4721642857142797,65.64117873011135,280,12167903232,945,77
224,2,0,ok,0.0008288224999546401,0.0007916900999816789,0.0008890768999663123,200,21308928,14934016,0.05129323899371132,65.12429654480596,2544,1778061312,1110,77
352,16,1,ok,0.012107719000027828,0.011760888999947382,0.01247510160001184,83,191234048,37519360,0.7891607142857234,64.89911702249908,168,35118415872,720,77
112,128,1,ok,0.01697902550006347,0.01661250370002563,0.017212105000032805,60,205824000,32997376,1.1577416666666673,67.36415055628585,120,28479062016,750,77
128,256,0,ok,0.03855382599999757,0.037916855200046486,0.039036458600048715,27,431923200,64061440,2.48962500000003,65.12771688973176,56,74369728512,720,77
32,2,0,ok,0.0005828270000733937,0.0005211067000345793,0.0006531706999226116,200,18874368,13754368,0.03118306154655468,59.13767364502068,3802,36900864,1590,77
384,167,1,ok,0.22588587499996038,0.2249878969999486,0.228754685800061,10,2284945408,309428224,14.722846153846218,64.87905110089716,13,436213020672,645,77
32,256,0,ok,0.004509170999938306,0.0044671210999808865,0.004586368299999322,200,103669760,16875520,0.3052477678571433,67.45904339594668,448,4723310592,990,78
32,16,0,ok,0.00048440350008149835,0.00047337570002810027,0.0005161289000056967,200,14843904,13926400,0.03381898510477207,66.87631710036683,3961,295206912,1590,78
64,4,0,ok,0.0005703549999225288,0.0005333366000513706,0.0006330787000138116,200,24903680,13926400,0.04577105534547866,66.46350283141479,2909,291446784,1575,78
128,98,1,ok,0.014918310999973983,0.01459729759997117,0.015292583200016452,67,189210624,32997376,1.0196323529411637,67.77449864124866,136,28469661696,765,77
224,32,0,ok,0.010661449999986417,0.010270136500014359,0.010912097400034782,98,174673920,32997376,0.6886458333333204,65.17919205748753,192,28448980992,690,77
352,64,1,ok,0.04790260999993734,0.04726646699998582,0.048678885000072114,21,717586432,108888064,3.166437499999953,65.90993274668342,48,140473663488,660,77
48,128,1,ok,0.003185714499977621,0.00313053009996338,0.0032526331999406465,200,66551808,17268736,0.20736708860759573,64.59450594105355,632,5263589376,990,76
512,167,1,ok,0.39167247750003753,0.3910149866999973,0.39381038469999796,10,4162054144,540114944,25.52900000000019,65.13745257653495,7,775449114624,645,76
112,64,1,ok,0.005198128500012444,0.005088688399973762,0.005289905299969177,188,68780032,23822336,0.3450546875000005,65.94000821736522,384,14239531008,855,76
512,98,1,ok,0.23007345449997274,0.22865773679995982,0.23214550269999562,10,2575337472,322011136,15.082090909090766,65.58705938391869,11,455053971456,720,76
128,64,0,ok,0.006285586500041518,0.006114646700052617,0.00646882819999064,158,119316480,26312704,0.41284687499999106,64.88641785572153,320,18592432128,870,77
64,8,0,ok,0.0005224464999855627,0.0004974139999376348,0.000562710799931665,200,17793536,14123008,0.03504558404558444,67.55396089113326,3861,582893568,1485,77
224,64,0,ok,0.020007786999940436,0.01995336600009523,0.020321710000075655,51,335904768,52264960,1.3379326923077315,66.43329280408616,104,56897961984,705,77
48,98,1,ok,0.0025482519999968645,0.0025100272999338813,0.0026022905999639077,200,54094848,16439296,0.16404999999999745,64.83900392079268,800,4029935616,1035,77
112,1,1,ok,0.0007188580000274669,0.0006913517999464602,0.0007685265999953116,200,24273920,13880320,0.04199349804941675,64.48071044736464,3076,222492672,1590,77
128,32,0,ok,0.003311773500001891,0.003284929400024339,0.003376016400000026,200,49381376,20021248,0.21597039473683827,65.05586856395955,608,9296216064,900,77
352,4,1,ok,0.0033143905000088125,0.003201141699958043,0.003343883700006245,200,48529408,19677184,0.21122889610389345,64.8866746350857,616,8779603968,960,77
384,2,0,ok,0.0019267150000246147,0.001913319400000546,0.001983347199927721,200,33783808,17268736,0.12269739292365164,65.5254508663863,1074,5224108032,960,77
32,1,0,ok,0.0007546554999748878,0.0006032969999978377,0.0008849435999650268,200,18763776,13742080,0.03511997363216758,53.15198316045475,3034,18450432,1590,77
512,8,0,ok,0.012862054999970951,0.012664212900006078,0.01315299619994903,80,156336128,38895616,0.8252437499999814,64.23067112045688,160,37147262976,810,77
64,1,0,ok,0.0005049579999649723,0.0004944409999779964,0.000563176400055454,200,23969792,13778944,0.03211519607843109,65.4140585196732,4080,72861696,1590,78
352,1,1,ok,0.0009032070000216663,0.0008871500000509514,0.0009629011000697573,200,22535168,15216640,0.05636461937716049,64.84085535643783,2312,2194900992,1065,77
400,32,1,ok,0.031182690000036928,0.03068305320005038,0.031656678999934226,33,499458048,75169792,2.110250000000027,67.62914157541718,72,90695467008,675,77
128,4,0,ok,0.0006182950000379606,0.000604063799994492,0.0006609590000380194,200,19497984,14516224,0.038772527149984776,65.90041913570352,3407,1162027008,1260,77
128,2,0,ok,0.0005540225000117971,0.0005086473000233127,0.000648211800023546,200,17794048,14123008,0.03231234256926923,64.0401159267491,3970,581013504,1500,77
400,167,1,ok,0.25176713600006906,0.24983851519991732,0.25411749460000693,10,2622586880,334594048,16.517125000000306,65.60371190436025,8,473316968448,645,77
48,2,1,ok,0.0006818580000071961,0.0005107169000325484,0.0007132458999990376,200,14043136,13785088,0.030510188487010464,59.809847864840776,3926,82243584,1590,77
256,95,1,ok,0.05514292899999873,0.053791977200035035,0.055749082599959365,19,640778240,89227264,3.478150000000096,62.97746864928037,40,110303262720,690,77
48,256,1,ok,0.006393542000012076,0.006264036399977612,0.006549634400016657,158,118087680,20807680,0.42419551282051915,65.97075943599681,312,10527178752,885,77
352,98,1,ok,0.11335273949998736,0.11190101310005503,0.11579224650004108,10,1179836416,159440896,7.5190909090908296,65.73333699445679,22,215100297216,705,77
